"","REGION","Island","SEC_NAME","Site","GENUS_CODE","Interval","SIG","StartingDate","EndingDate","Interval_Years","pg.N","pg.int","pg.slp","pg.var","pg.R2","pg.AIC","pg.BadModel","s.N","s.int","s.slp","s.pR2","s.AIC","s.AUC","s.BadModel","StartingYear","N.Rec_Site","MN.RecVal_Site","ANALYSIS_YEAR","N.RecVal_Sec","MN.RecVal_Sec","LOW_CI95.RecVal_Sec","HIGH_CI95.RecVal_Sec","N.RecVal_Sec_SSSS","MN.RecVal_Sec_SSSS","LOW_CI95.RecVal_Sec_SSSS","HIGH_CI95.RecVal_Sec_SSSS","MD.RecVal_Sec_All","MD.CI95_LO.RecVal_Sec_All","MD.CI95_HI.RecVal_Sec_All"
"1","NWHI","FFS","French Frigate","FFS_OCC_002","POSP","13-16","FFS002_1309-1609_POSP","2013-09-06","2016-09-25",3.05270362765229,9,0.262062599336275,0.518354561410792,0.0195300922561028,0.807398252399645,-6.1431255494533,FALSE,164,-3.48396006794796,0.904438158074517,0.0231679401958096,72.1285265350415,0.598566308243728,FALSE,2013,NA,NA,"2013-15",14,0.00250930056017191,0.00141860215590589,0.00359999896443793,14,0.00167476805044109,3.98467746422736e-05,0.00330968932623991,0.00280084974066202,0.00112061988251476,0.00480347812038449
"2","NWHI","FFS","French Frigate","FFS_OCC_014","POSP","13-16","FFS014_1309-1609_POSP","2013-09-06","2016-09-02",2.98973305954825,22,0.030678846839213,0.985899966589752,0.0123817992798088,0.99082298101234,-30.2771375572153,FALSE,30,-1.25680240130185,1.74324173810973,0.182262426734237,32.4531054985262,0.806818181818182,FALSE,2013,NA,NA,"2013-15",14,0.00250930056017191,0.00141860215590589,0.00359999896443793,14,0.00167476805044109,3.98467746422736e-05,0.00330968932623991,0.00280084974066202,0.00112061988251476,0.00480347812038449
"3","NWHI","FFS","French Frigate","FFS_OCC_014","POSP","16-19","FFS014_1609-1908_POSP","2016-09-02","2019-08-27",2.98151950718686,21,-0.0221788601373859,0.939449312438608,0.0432344330717802,0.96284462530772,-2.46981306187898,FALSE,65,-2.45404189623236,1.47509081465765,0.260289911462149,64.5021566830958,0.821428571428571,FALSE,2016,17,8.562990869367e-05,"2016",26,0.00120287296992982,0.000822637609123632,0.00158310833073602,26,0.00264533531884417,0.00148468111620145,0.00380598952148689,0.00280084974066202,0.00112061988251476,0.00480347812038449
"4","MHI","HAW","HAW_HAMAKUA","HAW_OCC_002","POSP","16-19","HAW002_1608-1907_POSP","2016-08-15","2019-07-15",2.91307323750856,316,0.0445121714703056,0.874358017586391,0.0331886824545934,0.916382857269204,-175.389849907994,FALSE,460,0.494887749950741,0.494276875217346,0.0192125432707242,564.807462132164,0.602034985935302,FALSE,2016,NA,NA,"2016",NA,NA,NA,NA,NA,NA,NA,NA,0.00408549584350197,0.000748603080174088,0.00789999604856521
"5","MHI","HAW","HAW_PUNA","HAW_OCC_003","POSP","16-19","HAW003_1608-1907_POSP","2016-08-08","2019-07-13",2.92676249144422,37,0.0318109969683173,0.993793753522043,0.00358137791824343,0.991155253097705,-99.4389164281242,FALSE,51,-4.23422688625441,3.58713296912972,0.573084623413061,29.5913072473273,0.957528957528958,FALSE,2016,NA,NA,"2016",8,0.002802463816077,0.000142364929110784,0.00546256270304321,8,0.00324116245843195,0.000876198550875443,0.00560612636598846,0.00408549584350197,0.000748603080174088,0.00789999604856521
"6","MHI","HAW","HAW_PUNA","HAW_OCC_003","MOSP","16-19","HAW003_1608-1907_MOSP","2016-08-08","2019-07-13",2.92676249144422,19,0.221297527565155,0.890345838404904,0.0189613395939068,0.939803358032698,-17.5353322936336,FALSE,24,-3.18330582865217,2.21380534620645,0.273809529350973,21.8377967087179,0.873684210526316,FALSE,2016,NA,NA,"2016",8,0.00305966931015879,0.00161646113619507,0.0045028774841225,8,0.00324116245843195,0.000876198550875443,0.00560612636598846,0.0107919860191993,0.00103121561322193,0.0210726962807254
"7","MHI","HAW","HAW_KONA","HAW_OCC_010","POSP","16-19","HAW010_1607-1907_POSP","2016-07-06","2019-07-19",3.03353867214237,118,0.0458335595590982,0.949524524134933,0.0176042623256956,0.945010569288521,-137.822128282205,FALSE,214,-2.34139782899836,2.07680933883956,0.207046994804865,237.44640373072,0.798640536723164,FALSE,2016,NA,NA,"2016",18,0.0011865035004087,0.000643604822691079,0.00172940217812633,18,0.00202056274397481,0.00117640566881186,0.00286471981913775,0.00408549584350197,0.000748603080174088,0.00789999604856521
"8","MHI","HAW","HAW_KONA","HAW_SIO_K08","POSP","15-17","HAWK08_1504-1704_POSP","2015-04-13","2017-04-08",1.98767967145791,39,0.00939940445212951,0.8784885305861,0.06430382313133,0.860984988762279,7.60278850433496,FALSE,86,-2.53112313226512,1.4322050007088,0.114635531029413,108.89448686183,0.707037643207856,FALSE,2015,NA,NA,"2013-15",7,0.000620333401568253,0.000252893706759845,0.000987773096376661,7,0.00117043575085022,0.000713308603807012,0.00162756289789342,0.00408549584350197,0.000748603080174088,0.00789999604856521
"9","MHI","HAW","HAW_KONA","HAW_SIO_K08","POSP","17-19","HAWK08_1704-1907_POSP","2017-04-08","2019-07-19",2.27789185489391,35,0.206367275136787,0.930639380810052,0.0159281158902474,0.966200170053222,-41.6221504492428,FALSE,43,-1.79132526018082,3.21077282271646,0.360410946235991,30.4264004396738,0.896428571428571,FALSE,2017,4,0.000107564536337894,"2017",NA,NA,NA,NA,NA,NA,NA,NA,0.00408549584350197,0.000748603080174088,0.00789999604856521
"10","MHI","HAW","HAW_KONA","HAW_SIO_K10","POSP","15-17","HAWK10_1504-1704_POSP","2015-04-15","2017-04-08",1.98220396988364,66,0.02851981495186,0.861802511685783,0.0775850967942007,0.838634686205676,22.5478820683591,FALSE,128,-2.06390684844513,1.16029576060943,0.108850228861935,162.019263679207,0.717497556207234,FALSE,2015,NA,NA,"2013-15",7,0.000620333401568253,0.000252893706759845,0.000987773096376661,7,0.00117043575085022,0.000713308603807012,0.00162756289789342,0.00408549584350197,0.000748603080174088,0.00789999604856521
"11","MHI","HAW","HAW_KONA","HAW_SIO_K10","POSP","17-19","HAWK10_1704-1907_POSP","2017-04-08","2019-07-17",2.27241615331964,60,0.253329456151578,0.902436443019069,0.0216527005673329,0.959220572976358,-55.7189748034741,FALSE,72,-0.00336590737251037,1.22298435153043,0.0993157423751062,62.4371278608144,0.736111111111111,FALSE,2017,3,3.74602968515896e-05,"2017",NA,NA,NA,NA,NA,NA,NA,NA,0.00408549584350197,0.000748603080174088,0.00789999604856521
"12","NWHI","KUR","Kure","KUR_OCC_010","POSP","16-19","KUR010_1609-1909_POSP","2016-09-12","2019-09-02",2.97056810403833,21,-0.00300098411226226,0.949806114920268,0.0230221596211302,0.915128134895862,-15.7035936021191,FALSE,65,-2.10112972440805,2.09716305347297,0.193170712940763,69.9919510340308,0.792207792207792,FALSE,2016,NA,NA,"2016",19,0.0116570822791157,0.00579234388716918,0.0175218206710622,19,0.00635679756618304,0.00377945417273217,0.00893414095963391,0.00280084974066202,0.00112061988251476,0.00480347812038449
"13","NWHI","LIS","Lisianski","LIS_OCC_005","POSP","13-16","LIS005_1309-1609_POSP","2013-09-12","2016-09-18",3.01711156741958,25,0.167320346873454,0.916897025373224,0.0211636475782069,0.931646027337478,-21.5243712138745,FALSE,42,-2.49666431644747,1.85048742279966,0.117622588044989,54.0230369788868,0.712941176470588,FALSE,2013,NA,NA,"2013-15",21,0.000393334267116196,9.8566632075584e-05,0.000688101902156807,18,0.00143681477513084,0.000731474677318125,0.00214215487294355,0.00280084974066202,0.00112061988251476,0.00480347812038449
"14","NWHI","LIS","Lisianski","LIS_OCC_005","MOSP","13-16","LIS005_1309-1609_MOSP","2013-09-12","2016-09-18",3.01711156741958,31,0.322198779546929,0.810226131506366,0.0181498351749003,0.919558825207833,-32.375151337911,FALSE,74,-2.27392216061618,1.28535508778129,0.0732766829099585,97.2572953753395,0.654913728432108,FALSE,2013,NA,NA,"2013-15",21,0.0021066542170689,0.000559533453564305,0.0036537749805735,18,0.00143681477513084,0.000731474677318125,0.00214215487294355,0.00500756241333616,-0.00121779554661619,0.0103031748519851
"15","NWHI","LIS","Lisianski","LIS_OCC_005","POSP","16-19","LIS005_1609-1908_POSP","2016-09-18","2019-08-30",2.94592744695414,15,0.186460760775664,0.932442954709422,0.00760178150795761,0.981769240260703,-26.7689464117331,FALSE,22,-2.14638676544791,1.8403508218842,0.178807335976255,26.6005523047426,0.8,FALSE,2016,7,0.000519344930242621,"2016",16,0.000933277707290821,0.000361442273222792,0.00150511314135885,16,0.00268741076936227,0.00136684411869261,0.00400797742003193,0.00280084974066202,0.00112061988251476,0.00480347812038449
"16","NWHI","LIS","Lisianski","LIS_OCC_005","MOSP","16-19","LIS005_1609-1908_MOSP","2016-09-18","2019-08-30",2.94592744695414,36,0.128300511197957,0.957697380507396,0.0154046514823918,0.931740685827637,-44.1252162583752,FALSE,46,-0.594633894581525,1.25962346015642,0.061827380112932,49.1917216694119,0.655555555555556,FALSE,2016,24,0.00144872120827022,"2016",16,0.00352439580503095,0.00189345375879303,0.00515533785126888,16,0.00268741076936227,0.00136684411869261,0.00400797742003193,0.00500756241333616,-0.00121779554661619,0.0103031748519851
"17","MHI","MAI","MAI_NE","MAI_OCC_002","POCS","16-19","MAI002_1612-1904_POCS","2016-12-19","2019-04-27",2.35181382614648,25,0.436690378643215,0.827787705148703,0.00364617232504725,0.985269450022985,-65.4895470558565,FALSE,36,4.61797958407877,-1.87815526111366,0.157024211209164,41.3572108000678,0.716363636363636,FALSE,2016,NA,NA,"2016",2,0.0220857203743825,0.00233033239055643,0.0418411083582085,2,0.00817939395754387,0.00252471489565322,0.0138340730194345,0.00746791494621553,-2.74319287806122e-05,0.0146896401378812
"18","MHI","MAI","MAI_LAHAINA","MAI_SIO_K01","POSP","14-15","MAIK01_1407-1507_POSP","2014-07-21","2015-07-10",0.969199178644764,114,0.0062648886549379,1.01936796883956,0.0429890265514135,0.873950343263433,-31.2361509449125,FALSE,117,0.773873588757961,2.93304354299018,0.137814364162727,28.0582389712414,0.783625730994152,FALSE,2014,NA,NA,"2014",NA,NA,NA,NA,NA,NA,NA,NA,0.00408549584350197,0.000748603080174088,0.00789999604856521
"19","MHI","MAI","MAI_LAHAINA","MAI_SIO_K01","MOSP","14-15","MAIK01_1407-1507_MOSP","2014-07-21","2015-07-10",0.969199178644764,61,0.0486769860729113,0.965444902906204,0.111550439383595,0.804553713214048,43.2869958423718,FALSE,90,-0.63422449079008,1.40960587276473,0.107248294546227,105.002331139738,0.712832108535896,FALSE,2014,NA,NA,"2014",NA,NA,NA,NA,NA,NA,NA,NA,0.0107919860191993,0.00103121561322193,0.0210726962807254
"20","MHI","MAI","MAI_LAHAINA","MAI_SIO_K01","POSP","15-15","MAIK01_1507-1511_POSP","2015-07-10","2015-11-02",0.314852840520192,108,-0.212014233970038,1.03461272411195,0.172737999622551,0.664438213581099,120.826209975449,FALSE,118,-1.07601972083465,3.69518066662498,0.288888019095337,52.7037214065446,0.87962962962963,FALSE,2015,4,0.000667427623961284,"2013-15",NA,NA,NA,NA,NA,NA,NA,NA,0.00408549584350197,0.000748603080174088,0.00789999604856521
"21","MHI","MAI","MAI_LAHAINA","MAI_SIO_K01","POSP","15-16","MAIK01_1511-1606_POSP","2015-11-02","2016-06-16",0.621492128678987,95,0.126930672096913,0.927403072023985,0.107289705484828,0.714659502445282,61.5158237957074,FALSE,107,-0.527216597165221,2.50809234909441,0.185196025520565,65.20074261112,0.779824561403509,FALSE,2015,NA,NA,"2013-15",NA,NA,NA,NA,NA,NA,NA,NA,0.00408549584350197,0.000748603080174088,0.00789999604856521
"22","MHI","MAI","MAI_LAHAINA","MAI_SIO_K01","MOSP","15-16","MAIK01_1511-1606_MOSP","2015-11-02","2016-06-16",0.621492128678987,34,0.298992788805102,0.880295589209307,0.101376060234136,0.810048134772869,22.6033606419568,FALSE,45,-0.974485225323625,1.97703863708938,0.246754978689225,41.7024836928268,0.820855614973262,FALSE,2015,1,0.000698462608994513,"2013-15",NA,NA,NA,NA,NA,NA,NA,NA,0.0107919860191993,0.00103121561322193,0.0210726962807254
"23","MHI","MAI","MAI_LAHAINA","MAI_SIO_K01","POSP","16-16","MAIK01_1606-1611_POSP","2016-06-16","2016-11-30",0.457221081451061,91,0.275678505175224,0.817623219994349,0.129118258667841,0.617167941196203,75.9450905716792,FALSE,98,-1.3131759513899,3.90559418393569,0.26435278283131,41.1019654009732,0.855572998430141,FALSE,2016,3,0.000723056864829621,"2016",2,0.000891850816227787,0.000691606563738528,0.00109209506871705,2,0.00561613156173088,0.00145085297115962,0.00978141015230215,0.00408549584350197,0.000748603080174088,0.00789999604856521
"24","MHI","MAI","MAI_LAHAINA","MAI_SIO_K01","POSP","16-17","MAIK01_1611-1707_POSP","2016-11-30","2017-07-28",0.657084188911704,90,-0.00948598248645536,0.988128008983169,0.0574397324865519,0.833414086274717,2.25466791330508,FALSE,95,0.0190099116465565,2.57448674776278,0.158231790118851,36.9775235371192,0.815555555555556,FALSE,2016,3,0.00109980066226427,"2016",2,0.000891850816227787,0.000691606563738528,0.00109209506871705,2,0.00561613156173088,0.00145085297115962,0.00978141015230215,0.00408549584350197,0.000748603080174088,0.00789999604856521
"25","MHI","MAI","MAI_LAHAINA","MAI_SIO_K01","POSP","17-18","MAIK01_1707-1809_POSP","2017-07-28","2018-09-14",1.13073237508556,86,0.0444263286852672,0.935671355579351,0.0445437019895433,0.865858575259472,-19.5366624566574,FALSE,97,-1.20880853034668,3.04510545527525,0.230028786092504,56.8142496217987,0.86892177589852,FALSE,2017,8,0.00214715675983271,"2017",NA,NA,NA,NA,NA,NA,NA,NA,0.00408549584350197,0.000748603080174088,0.00789999604856521
"26","MHI","MAI","MAI_LAHAINA","MAI_SIO_K01","MOSP","17-18","MAIK01_1707-1809_MOSP","2017-07-28","2018-09-14",1.13073237508556,25,0.203303680323195,0.871753614342581,0.0319958041767059,0.943811772686533,-11.1913761696742,FALSE,45,-1.26515788469557,1.1132752034067,0.0918468801954632,60.1479669075432,0.7,FALSE,2017,5,0.00138660782048169,"2017",NA,NA,NA,NA,NA,NA,NA,NA,0.0107919860191993,0.00103121561322193,0.0210726962807254
"27","MHI","MAI","MAI_LAHAINA","MAI_SIO_K02","POSP","17-18","MAIK02_1708-1809_POSP","2017-08-02","2018-09-14",1.1170431211499,141,0.123443276266616,0.885130014123835,0.0381671402825992,0.880523126020236,-56.3486809252209,FALSE,177,-0.425932095113718,1.73829933730108,0.118206309113136,161.6588503619,0.726753349093775,FALSE,2017,46,0.00514039741380806,"2017",NA,NA,NA,NA,NA,NA,NA,NA,0.00408549584350197,0.000748603080174088,0.00789999604856521
"28","MHI","MAI","MAI_LAHAINA","MAI_SIO_K02","MOSP","17-18","MAIK02_1708-1809_MOSP","2017-08-02","2018-09-14",1.1170431211499,27,0.406827443352199,0.6370848502763,0.0899129441585273,0.663032672875591,15.504071856984,FALSE,37,-0.889876001760117,1.39903266040891,0.086570469106595,43.442830635897,0.733333333333333,FALSE,2017,16,0.00311305381512021,"2017",NA,NA,NA,NA,NA,NA,NA,NA,0.0107919860191993,0.00103121561322193,0.0210726962807254
"29","MHI","MAI","MAI_LAHAINA","MAI_SIO_K02","MOSP","16-17","MAIK02_1607-1708_MOSP","2016-07-04","2017-08-02",1.07871321013005,20,0.29386725492032,0.809484628341716,0.0632404301733791,0.822390187796144,5.4341017264623,FALSE,35,-4.08512696905827,3.29081525517583,0.333340422845389,35.8687059820551,0.87,FALSE,2016,15,0.00365986738926552,"2016",2,0.0913200967249969,0.0359079183229202,0.146732275127074,2,0.00561613156173088,0.00145085297115962,0.00978141015230215,0.0107919860191993,0.00103121561322193,0.0210726962807254
"30","MHI","MAI","MAI_LAHAINA","MAI_SIO_K02","POSP","16-17","MAIK02_1607-1708_POSP","2016-07-04","2017-08-02",1.07871321013005,132,-0.028580734135326,1.01374202656521,0.0389850313892917,0.887516101410443,-49.6997658068318,FALSE,170,-1.24632179033836,2.33959620720045,0.158561725542472,156.010210610195,0.765749601275917,FALSE,2016,22,0.00201880000858383,"2016",2,0.000891850816227787,0.000691606563738528,0.00109209506871705,2,0.00561613156173088,0.00145085297115962,0.00978141015230215,0.00408549584350197,0.000748603080174088,0.00789999604856521
"31","MHI","MAI","MAI_LAHAINA","MAI_SIO_K02","MOSP","15-16","MAIK02_1507-1607_MOSP","2015-07-11","2016-07-04",0.982888432580424,20,0.0370177601841865,0.99325087214167,0.0356472199473251,0.927960732592741,-6.03135132506534,FALSE,29,-1.21913509462661,1.34061940646197,0.111171052540767,35.9301353901415,0.716666666666667,FALSE,2015,4,0.000779627351528165,"2013-15",NA,NA,NA,NA,NA,NA,NA,NA,0.0107919860191993,0.00103121561322193,0.0210726962807254
"32","MHI","MAI","MAI_LAHAINA","MAI_SIO_K02","POSP","15-16","MAIK02_1507-1607_POSP","2015-07-11","2016-07-04",0.982888432580424,142,0.220593558445976,0.833139689002066,0.0426775949991436,0.850235020864591,-40.9152056690446,FALSE,259,-1.54386313803589,1.73682545201928,0.161667888081708,302.977190206062,0.775911881545684,FALSE,2015,74,0.00815554718705153,"2013-15",NA,NA,NA,NA,NA,NA,NA,NA,0.00408549584350197,0.000748603080174088,0.00789999604856521
"33","MHI","MAI","MAI_LAHAINA","MAI_SIO_K02","POSP","14-15","MAIK02_1407-1507_POSP","2014-07-21","2015-07-11",0.971937029431896,169,0.082815482442018,0.940414430084486,0.0686863276855635,0.807321570865418,30.9726313785042,FALSE,245,-2.21502111559073,3.49643744607941,0.369332345992075,195.369345031615,0.888508252880723,FALSE,2014,NA,NA,"2014",NA,NA,NA,NA,NA,NA,NA,NA,0.00408549584350197,0.000748603080174088,0.00789999604856521
"34","MHI","MAI","MAI_LAHAINA","MAI_SIO_K02","MOSP","14-15","MAIK02_1407-1507_MOSP","2014-07-21","2015-07-11",0.971937029431896,23,0.160080294662973,0.883045364766123,0.116845881322405,0.715795376254373,19.800133906537,FALSE,69,-6.00269148053779,4.25664780585567,0.483356862451351,49.3813934262761,0.917769376181474,FALSE,2014,NA,NA,"2014",NA,NA,NA,NA,NA,NA,NA,NA,0.0107919860191993,0.00103121561322193,0.0210726962807254
"35","MHI","MAI","MAI_KIHEI","MAI_SIO_OL3","MOSP","14-15","MAIOL3_1407-1507_MOSP","2014-07-22","2015-07-14",0.97741273100616,129,0.0811184534711726,0.93046274874998,0.131461902146333,0.804042311873112,108.324549452507,FALSE,226,-1.8004294984479,2.18006554174935,0.27956253186073,226.439599491059,0.829856948773276,FALSE,2014,NA,NA,"2014",NA,NA,NA,NA,NA,NA,NA,NA,0.0107919860191993,0.00103121561322193,0.0210726962807254
"36","MHI","MAI","MAI_KIHEI","MAI_SIO_OL3","POCS","14-15","MAIOL3_1407-1507_POCS","2014-07-22","2015-07-14",0.97741273100616,11,-0.592434920286334,1.28741912850256,0.0689816767658234,0.935079672069133,5.59621207895885,FALSE,17,-1.14790948811927,1.25655977830634,0.137548656628768,23.0381339385589,0.696969696969697,FALSE,2014,NA,NA,"2014",NA,NA,NA,NA,NA,NA,NA,NA,0.00746791494621553,-2.74319287806122e-05,0.0146896401378812
"37","MHI","MAI","MAI_KIHEI","MAI_SIO_OL3","POSP","14-15","MAIOL3_1407-1507_POSP","2014-07-22","2015-07-14",0.97741273100616,48,0.164987772537162,0.945100047215125,0.0119175377093366,0.969167918095861,-72.4524842256561,FALSE,56,-0.771572282589752,2.91440757330828,0.406429343523461,31.2644973751575,0.90625,FALSE,2014,NA,NA,"2014",NA,NA,NA,NA,NA,NA,NA,NA,0.00408549584350197,0.000748603080174088,0.00789999604856521
"38","MHI","MAI","MAI_KIHEI","MAI_SIO_OL3","MOSP","15-15","MAIOL3_1507-1511_MOSP","2015-07-14","2015-11-04",0.309377138945927,109,-0.173994678226945,0.987065807467198,0.51685312783261,0.522906894274134,241.370402233239,FALSE,146,-1.69164503427826,2.82480727340379,0.366271704777382,108.749817920549,0.879990081824944,FALSE,2015,17,0.000557426626933212,"2013-15",2,0.000560336072923402,-0.000363205826990446,0.00148387797283725,2,0.00030596163607886,-0.000132433949613235,0.000744357221770954,0.0107919860191993,0.00103121561322193,0.0210726962807254
"39","MHI","MAI","MAI_KIHEI","MAI_SIO_OL3","MOSP","15-16","MAIOL3_1511-1606_MOSP","2015-11-04","2016-06-16",0.616016427104723,99,0.0414561709760545,0.924310993471033,0.192298672777197,0.718618403176408,121.707503986694,FALSE,124,-1.56220050633492,2.90316478527334,0.352849993167821,84.6687411325456,0.901414141414141,FALSE,2015,10,0.00104288935884015,"2013-15",2,0.000560336072923402,-0.000363205826990446,0.00148387797283725,2,0.00030596163607886,-0.000132433949613235,0.000744357221770954,0.0107919860191993,0.00103121561322193,0.0210726962807254
"40","MHI","MAI","MAI_KIHEI","MAI_SIO_OL3","POSP","15-16","MAIOL3_1511-1606_POSP","2015-11-04","2016-06-16",0.616016427104723,21,0.0817283581225428,0.847200398859899,0.163473997403681,0.529538239251262,25.4605376547416,FALSE,31,-5.24843861972776,4.91546550531477,0.518293139905124,22.7796128690255,0.919047619047619,FALSE,2015,NA,NA,"2013-15",2,0.000113562273840111,6.617697390965e-05,0.000160947573770572,2,0.00030596163607886,-0.000132433949613235,0.000744357221770954,0.00408549584350197,0.000748603080174088,0.00789999604856521
"41","MHI","MAI","MAI_KIHEI","MAI_SIO_OL3","MOSP","16-16","MAIOL3_1606-1611_MOSP","2016-06-16","2016-11-29",0.454483230663929,104,0.0613085691373666,0.918073760560892,0.399587576294733,0.568958334186891,203.718212380798,FALSE,122,-0.332049659014821,2.16416883585192,0.26355095216251,79.1873565219774,0.84775641025641,FALSE,2016,26,0.00150646482792264,"2016",7,0.000988842940307636,-7.44269977034167e-05,0.00205211287831869,7,0.000723463852930996,0.00013234967503349,0.0013145780308285,0.0107919860191993,0.00103121561322193,0.0210726962807254
"42","MHI","MAI","MAI_KIHEI","MAI_SIO_OL3","POSP","16-16","MAIOL3_1606-1611_POSP","2016-06-16","2016-11-29",0.454483230663929,27,0.630457063166014,0.676758669333698,0.0895956918347455,0.5903202872333,15.4086355386909,FALSE,28,1.94769898564046,0.944317918247186,0.0243229831545343,12.4183967390277,0.62962962962963,FALSE,2016,1,0.000714142779866603,"2016",7,0.000367141142788338,8.8173671229902e-06,0.000725464918453686,7,0.000723463852930996,0.00013234967503349,0.0013145780308285,0.00408549584350197,0.000748603080174088,0.00789999604856521
"43","MHI","MAI","MAI_KIHEI","MAI_SIO_OL3","MOSP","16-17","MAIOL3_1611-1707_MOSP","2016-11-29","2017-07-26",0.654346338124572,100,-0.0477213558679344,0.999032055734062,0.134210477163943,0.81325339521042,86.9328372866211,FALSE,137,-1.88820423416814,3.17257199766859,0.410574378471586,98.209553931074,0.90027027027027,FALSE,2016,26,0.00216933880999324,"2016",7,0.000988842940307636,-7.44269977034167e-05,0.00205211287831869,7,0.000723463852930996,0.00013234967503349,0.0013145780308285,0.0107919860191993,0.00103121561322193,0.0210726962807254
"44","MHI","MAI","MAI_KIHEI","MAI_SIO_OL3","POSP","16-17","MAIOL3_1611-1707_POSP","2016-11-29","2017-07-26",0.654346338124572,30,-0.0688760832990154,1.06471914742957,0.0374085965834452,0.92381618249527,-9.50911652638735,FALSE,37,-1.49219978173387,3.75264344452635,0.496528952449976,22.0712577663598,0.933333333333333,FALSE,2016,10,0.0108046189351703,"2016",7,0.000367141142788338,8.8173671229902e-06,0.000725464918453686,7,0.000723463852930996,0.00013234967503349,0.0013145780308285,0.00408549584350197,0.000748603080174088,0.00789999604856521
"45","MHI","OAH","OAH_NE","OAH_OCC_005","POSP","16-18","OAH005_1608-1810_POSP","2016-08-01","2018-10-04",2.17385352498289,50,0.221839025009505,0.913912814970949,0.0202099225907396,0.948511421881186,-49.2263252965149,FALSE,57,-1.83608329088637,2.64238041786282,0.263815984563848,35.2604360120251,0.868571428571429,FALSE,2016,NA,NA,"2016",4,0.00132475473118653,0.00072675299473483,0.00192275646763824,4,0.00194814549085861,0.000938008477742777,0.00295828250397445,0.00408549584350197,0.000748603080174088,0.00789999604856521
"46","MHI","OAH","OAH_SOUTH","OAH_OCC_010","POCS","17-19","OAH010_1703-1905_POCS","2017-03-07","2019-05-07",2.16563997262149,23,-0.126601808504629,1.055929676923,0.0221953274960541,0.746860053233152,-18.4022685356824,FALSE,29,-11.9313300439546,5.75831209262672,0.435262738514839,20.6988914785465,0.91304347826087,FALSE,2017,NA,NA,"2017",NA,NA,NA,NA,NA,NA,NA,NA,0.00746791494621553,-2.74319287806122e-05,0.0146896401378812
"47","MHI","OAH","OAH_SOUTH","OAH_OCC_010","POSP","17-19","OAH010_1703-1905_POSP","2017-03-07","2019-05-07",2.16563997262149,47,0.0594714052258239,0.986858349542126,0.0111459813790304,0.973002165029119,-74.0073623823773,FALSE,59,0.00474883915871897,1.08346634016654,0.0588331201301796,60.0914606264026,0.666666666666667,FALSE,2017,NA,NA,"2017",NA,NA,NA,NA,NA,NA,NA,NA,0.00408549584350197,0.000748603080174088,0.00789999604856521
"48","MARIAN","ASC","Asuncion","OCC-ASC-003","POSP","17_22","ASC-003_1706-2207_POSP","2017-06-07","2022-07-24",5.12799452429843,33,0.0598717623230732,0.990005316393069,0.00891508529395106,0.969431346299508,-58.1735737770509,FALSE,48,-1.07331737599138,2.50217257280961,0.250345155881721,48.6976392929151,0.816161616161616,FALSE,2017,NA,NA,"2017",12,0.0174277116368827,0.00154586164528963,0.0333095616284759,12,0.00962252943756443,0.00468190039212301,0.0145631584830058,0.00208746805426863,0.00028388003379125,0.00323472243713105
"49","PRIAs","BAK","Baker","OCC-BAK-003","ACSP","18_23","BAK-003_1806-2303_ACSP","2018-06-14","2023-03-19",4.76112251882272,13,0.235467895230478,0.948621993618519,0.0148126552090809,0.981099424627636,-14.0388552018892,FALSE,30,-4.07409003865057,1.65265577082005,0.324927031827919,31.7143821162481,0.846153846153846,FALSE,2018,NA,NA,"2017-18",10,0.000490266134356673,-0.000203849401139357,0.0011843816698527,10,0.000675555467197386,-0.000118384018484754,0.00146949495287953,0.000367707610041589,-0.000197299793652689,0.000932715013735866
"50","PRIAs","BAK","Baker","OCC-BAK-003","POSP","18_23","BAK-003_1806-2303_POSP","2018-06-14","2023-03-19",4.76112251882272,15,0.265860661329386,0.871368242337377,0.00956949150286816,0.964166134346674,-23.3159847998524,FALSE,46,-3.13152685429727,1.45797569146989,0.154243815773107,53.1268438628012,0.759139784946237,FALSE,2018,NA,NA,"2017-18",10,0,NA,NA,10,0.000675555467197386,-0.000118384018484754,0.00146949495287953,0.000805345766996087,0.00027825791820761,0.00227004516182486
"51","PRIAs","BAK","Baker","OCC-BAK-003","POCS","18_23","BAK-003_1806-2303_POCS","2018-06-14","2023-03-19",4.76112251882272,11,0.356565758086715,0.887157708116703,0.00317170253585085,0.986562561973383,-28.2790842544129,FALSE,24,-3.68530597677896,2.03115387003064,0.186998396315243,30.9137713969129,0.783216783216783,FALSE,2018,NA,NA,"2017-18",10,0.00372055943910339,-0.00384783470125229,0.0112889535794591,10,0.000675555467197386,-0.000118384018484754,0.00146949495287953,0.00371087649591411,-0.00120303324046325,0.00855559448430533
"52","PRIAs","BAK","Baker","OCC-BAK-008","ACSP","17_18","BAK-008_1704-1806_ACSP","2017-04-10","2018-06-15",1.18001368925394,38,0.499526815150119,0.877426770017365,0.0731078651325865,0.873080446811401,12.3836398085587,FALSE,57,-0.964775406883149,1.00024513683222,0.08969337933729,70.05422901606,0.688365650969529,FALSE,2017,NA,NA,"2017-18",10,0.000490266134356673,-0.000203849401139357,0.0011843816698527,10,0.000675555467197386,-0.000118384018484754,0.00146949495287953,0.000367707610041589,-0.000197299793652689,0.000932715013735866
"53","PRIAs","BAK","Baker","OCC-BAK-008","POCS","17_18","BAK-008_1704-1806_POCS","2017-04-10","2018-06-15",1.18001368925394,10,0.422255287852982,0.865466243505743,0.0254623978135995,0.894793627159845,-4.55818995553736,FALSE,15,-4.74425430609772,3.59390147793026,0.548286390772731,12.6256633685423,0.96,FALSE,2017,NA,NA,"2017-18",10,0.00372055943910339,-0.00384783470125229,0.0112889535794591,10,0.000675555467197386,-0.000118384018484754,0.00146949495287953,0.00371087649591411,-0.00120303324046325,0.00855559448430533
"54","PRIAs","BAK","Baker","OCC-BAK-008","MOSP","17_18","BAK-008_1704-1806_MOSP","2017-04-10","2018-06-15",1.18001368925394,8,0.683443403604124,0.752192970959275,0.0511972651127093,0.687798587384631,2.62500663861456,FALSE,32,-3.44578944030057,1.48453132661643,0.0833063644325885,36.9912990801883,0.697916666666667,FALSE,2017,NA,NA,"2017-18",10,0.00135612510823211,-0.00131956471216778,0.004031814928632,10,0.000675555467197386,-0.000118384018484754,0.00146949495287953,0.000427287438228036,-8.04692660184956e-05,0.00079452149062635
"55","PRIAs","BAK","Baker","OCC-BAK-008","ACSP","18_23","BAK-008_1806-2303_ACSP","2018-06-15","2023-03-18",4.75564681724846,17,0.404055186952481,0.886159293908769,0.0104060328215992,0.976954850721577,-25.4951458555257,FALSE,57,-3.52251308633822,1.25786182054389,0.160738182935092,62.3020367198911,0.789705882352941,FALSE,2018,19,0.000945743219092356,"2017-18",10,0.000490266134356673,-0.000203849401139357,0.0011843816698527,10,0.000675555467197386,-0.000118384018484754,0.00146949495287953,0.000367707610041589,-0.000197299793652689,0.000932715013735866
"56","MARIAN","GUA","GUA_MP","OCC-GUA-015","POSP","17_22","GUA-015_1705-2206_POSP","2017-05-04","2022-06-15",5.11430527036276,14,0.0643966818819963,0.947433907615768,0.0146676723557301,0.888976695800526,-15.5373617170855,FALSE,70,-4.65715009355359,2.0713476161118,0.127563718087987,65.1196921791984,0.760204081632653,FALSE,2017,NA,NA,"2017",NA,NA,NA,NA,NA,NA,NA,NA,0.00208746805426863,0.00028388003379125,0.00323472243713105
"57","MARIAN","GUA","GUA_WEST_OPEN","OCC-GUA-025","POSP","17_22","GUA-025_1705-2207_POSP","2017-05-03","2022-07-08",5.18001368925394,82,0.0312149197253009,0.965613810744128,0.0101954425967607,0.981154475761325,-139.355660734625,FALSE,125,-1.06791618108934,1.32549623828991,0.173478699992176,136.998243310888,0.772830402722632,FALSE,2017,NA,NA,"2017",11,0.00122468532677799,0.000148481439999816,0.00230088921355617,11,0.00353084309951919,0.000940168302365956,0.00612151789667243,0.00208746805426863,0.00028388003379125,0.00323472243713105
"58","MARIAN","GUA","GUA_MP","OCC-GUA-026","POSP","17_22","GUA-026_1705-2208_POSP","2017-05-03","2022-08-01",5.24572210814511,48,0.0901491095235446,0.942696895545359,0.0160700701568038,0.95938155113765,-58.1030055144671,FALSE,141,-4.8595717154465,2.74936257478928,0.376429280328828,116.773691473786,0.88418458781362,FALSE,2017,NA,NA,"2017",NA,NA,NA,NA,NA,NA,NA,NA,0.00208746805426863,0.00028388003379125,0.00323472243713105
"59","PRIAs","HOW","Howland","OCC-HOW-005","MOSP","17_18","HOW-005_1704-1806_MOSP","2017-04-11","2018-06-08",1.15811088295688,24,0.73801982502093,0.849620482785463,0.0859312223103542,0.74071164605242,13.1197835076171,FALSE,27,-1.5058040854508,2.56909790747255,0.207324210657078,18.9315808737081,0.791666666666667,FALSE,2017,NA,NA,"2017-18",9,1.81706223434364e-05,-1.73944752001864e-05,5.37357198870591e-05,9,0.000395003067799138,4.86813074545092e-05,0.000741324828143767,0.000427287438228036,-8.04692660184956e-05,0.00079452149062635
"60","PRIAs","HOW","Howland","OCC-HOW-005","POSP","17_18","HOW-005_1704-1806_POSP","2017-04-11","2018-06-08",1.15811088295688,18,0.0646731387440403,0.992806086932711,0.0436877341176045,0.911418826045866,-1.39068964801883,FALSE,22,-7.17438514818757,6.07175712613211,0.577515182672899,12.8139330868529,0.958333333333333,FALSE,2017,NA,NA,"2017-18",9,0.000336539993975939,-8.57141343830761e-05,0.000758794122334954,9,0.000395003067799138,4.86813074545092e-05,0.000741324828143767,0.000805345766996087,0.00027825791820761,0.00227004516182486
"61","PRIAs","HOW","Howland","OCC-HOW-005","MOSP","18_23","HOW-005_1806-2303_MOSP","2018-06-08","2023-03-16",4.76933607118412,32,0.164835304137401,0.969733071238981,0.00397284532097454,0.989987981319408,-82.15789408598,FALSE,40,-0.0201258605769493,0.742639973574592,0.0429345113371195,42.3134312009332,0.6015625,FALSE,2018,16,0.00364095591145777,"2017-18",9,1.81706223434364e-05,-1.73944752001864e-05,5.37357198870591e-05,9,0.000395003067799138,4.86813074545092e-05,0.000741324828143767,0.000427287438228036,-8.04692660184956e-05,0.00079452149062635
"62","PRIAs","HOW","Howland","OCC-HOW-005","POSP","18_23","HOW-005_1806-2303_POSP","2018-06-08","2023-03-16",4.76933607118412,13,0.24695869055519,0.913105396911334,0.00490454709541779,0.988956570298621,-28.408004068993,FALSE,23,-4.50570298892602,2.53333486664966,0.365887713756049,23.9696852833548,0.876923076923077,FALSE,2018,5,0.000624488065841842,"2017-18",9,0.000336539993975939,-8.57141343830761e-05,0.000758794122334954,9,0.000395003067799138,4.86813074545092e-05,0.000741324828143767,0.000805345766996087,0.00027825791820761,0.00227004516182486
"63","MARIAN","MAU","Maug","OCC-MAU-002","POSP","17_22","MAU-002_1706-2206_POSP","2017-06-05","2022-06-24",5.05133470225873,39,0.124880911181622,0.973344272619086,0.00252280340753726,0.996975384883503,-118.688896782653,FALSE,42,-2.53424710578193,5.03789919183731,0.604612402888853,12.5462103140287,0.982905982905983,FALSE,2017,7,1.83824083758729e-05,"2017",27,0.00136570718484869,0.000591272338719424,0.00214014203097796,27,0.00730346589852179,0.00399385097537187,0.0106130808216717,0.00208746805426863,0.00028388003379125,0.00323472243713105
"64","MARIAN","MAU","Maug","OCC-MAU-002","POSP","14_17","MAU-002_1405-1706_POSP","2014-05-18","2017-06-05",3.04996577686516,35,0.160687761495449,0.895837501037263,0.0350096686664781,0.955988757647764,-14.0583054574699,FALSE,76,-4.8500484428789,2.69419670379723,0.551687562913245,51.0208886013848,0.927526132404181,FALSE,2014,NA,NA,"2014",19,0.000956352041646578,0.000197302382553296,0.00171540170073986,19,0.00141984536552751,0.000950271811111667,0.00188941891994335,0.00208746805426863,0.00028388003379125,0.00323472243713105
"65","MARIAN","MAU","Maug","OCC-MAU-019","POSP","17_22","MAU-019_1706-2206_POSP","2017-06-13","2022-06-26",5.03490759753593,10,0.0447177558555464,0.99257947127904,0.00198559770716914,0.998757589936096,-30.0710178314894,FALSE,14,-6.13665257219651,6.00964294296451,0.719131709829297,8.70497877939799,0.975,FALSE,2017,4,2.044814061225e-05,"2017",27,0.00136570718484869,0.000591272338719424,0.00214014203097796,27,0.00730346589852179,0.00399385097537187,0.0106130808216717,0.00208746805426863,0.00028388003379125,0.00323472243713105
"66","MARIAN","MAU","Maug","OCC-MAU-019","POSP","14_17","MAU-019_1405-1706_POSP","2014-05-06","2017-06-13",3.1047227926078,10,0.170920890659395,0.952581693144856,0.00187859845299722,0.999019379664313,-30.6249576879612,FALSE,24,-2.55888249199024,1.30241749016407,0.364990637827815,24.7021159661883,0.857142857142857,FALSE,2014,NA,NA,"2014",19,0.000956352041646578,0.000197302382553296,0.00171540170073986,19,0.00141984536552751,0.000950271811111667,0.00188941891994335,0.00208746805426863,0.00028388003379125,0.00323472243713105
"67","SAMOA","OFU","Ofu & Olosega","OCC-OFU-002","POCS","18_23","OFU-002_1807-2307_POCS","2018-07-09","2023-07-29",5.05407255304586,12,0.475002808919176,0.78363496126743,0.00822894759265534,0.918033151812493,-19.7344996485586,FALSE,25,-3.02446261004263,1.43135476598914,0.0480706316137914,36.9532705543027,0.67948717948718,FALSE,2018,NA,NA,"2018",18,0.00155480391390189,0.000546827254939022,0.00256278057286476,18,0.00164177544386251,0.00103168502452358,0.00225186586320145,0.00155480391390189,0.000320681519341567,0.00247391940646482
"68","SAMOA","OFU","Ofu & Olosega","OCC-OFU-002","MOSP","18_23","OFU-002_1807-2307_MOSP","2018-07-09","2023-07-29",5.05407255304586,39,0.181902865840403,0.93205036063412,0.00930924121256373,0.972665517077219,-67.7690600595254,FALSE,79,-3.09296635214456,2.26965336461896,0.264189648752006,84.5746152184825,0.833333333333333,FALSE,2018,NA,NA,"2018",18,0.00220335747493419,0.00123841061845128,0.00316830433141709,18,0.00164177544386251,0.00103168502452358,0.00225186586320145,0.00141808746884409,0.000567014120815546,0.00207299771388482
"69","SAMOA","OFU","Ofu & Olosega","OCC-OFU-002","ACSP","18_23","OFU-002_1807-2307_ACSP","2018-07-09","2023-07-29",5.05407255304586,11,0.357038125642819,0.862272039073387,0.00228360498436123,0.97898385267458,-31.8927293827758,FALSE,35,-1.31571541338519,0.353156879418555,0.00540937987844514,47.3383756703696,0.613636363636364,FALSE,2018,NA,NA,"2018",18,0.0017017242720131,0.000105931949495366,0.00329751659453084,18,0.00164177544386251,0.00103168502452358,0.00225186586320145,0.000524989608439407,1.5894524080342e-05,0.00121097493422676
"70","SAMOA","OFU","Ofu & Olosega","OCC-OFU-002","POSP","18_23","OFU-002_1807-2307_POSP","2018-07-09","2023-07-29",5.05407255304586,7,-0.0120317068347758,1.01943652215746,0.00267973809698866,0.993159397413583,-17.9444196911561,FALSE,10,-6.05102870787441,5.25440250148197,0.375414613899478,11.6307383190796,0.857142857142857,FALSE,2018,NA,NA,"2018",18,0.000410970320533879,0.000102792694617366,0.000719147946450392,18,0.00164177544386251,0.00103168502452358,0.00225186586320145,0.00139551169221687,0.000285580056114724,0.00224086892727137
"71","SAMOA","OFU","Ofu & Olosega","OCC-OFU-009","POCS","18_23","OFU-009_1807-2307_POCS","2018-07-10","2023-07-22",5.0321697467488,36,0.240697461505116,0.907881712360634,0.00294865314270961,0.98274111302798,-103.644772395976,FALSE,48,-3.24959490108411,2.26261628682109,0.163196668245056,49.174136567672,0.8125,FALSE,2018,NA,NA,"2018",18,0.00155480391390189,0.000546827254939022,0.00256278057286476,18,0.00164177544386251,0.00103168502452358,0.00225186586320145,0.00155480391390189,0.000320681519341567,0.00247391940646482
"72","SAMOA","OFU","Ofu & Olosega","OCC-OFU-009","ACSP","18_23","OFU-009_1807-2307_ACSP","2018-07-10","2023-07-22",5.0321697467488,31,0.242706500771832,0.927942871240018,0.00313614672678743,0.981594202367524,-86.8008156317744,FALSE,47,-3.75727400220688,2.67507939640335,0.185276637502811,53.1146436805086,0.818548387096774,FALSE,2018,NA,NA,"2018",18,0.0017017242720131,0.000105931949495366,0.00329751659453084,18,0.00164177544386251,0.00103168502452358,0.00225186586320145,0.000524989608439407,1.5894524080342e-05,0.00121097493422676
"73","SAMOA","OFU","Ofu & Olosega","OCC-OFU-009","POSP","18_23","OFU-009_1807-2307_POSP","2018-07-10","2023-07-22",5.0321697467488,17,0.0437374667345556,0.9533286839326,0.00677980296828041,0.939477884650762,-32.7785863502803,FALSE,44,-1.91253451682072,1.29558259618578,0.0344243820830867,60.6833860206241,0.631808278867102,FALSE,2018,NA,NA,"2018",18,0.000410970320533879,0.000102792694617366,0.000719147946450392,18,0.00164177544386251,0.00103168502452358,0.00225186586320145,0.00139551169221687,0.000285580056114724,0.00224086892727137
"74","SAMOA","OFU","Ofu & Olosega","OCC-OFU-009","MOSP","18_23","OFU-009_1807-2307_MOSP","2018-07-10","2023-07-22",5.0321697467488,20,0.0931766794875626,0.935892435974396,0.00752786751661521,0.974529370236222,-37.1325384970341,FALSE,57,-4.99630017605324,2.54265118696088,0.208375901165231,62.4777693646404,0.794594594594595,FALSE,2018,NA,NA,"2018",18,0.00220335747493419,0.00123841061845128,0.00316830433141709,18,0.00164177544386251,0.00103168502452358,0.00225186586320145,0.00141808746884409,0.000567014120815546,0.00207299771388482
"75","MARIAN","PAG","Pagan","OCC-PAG-006","POSP","17_22","PAG-006_1705-2208_POSP","2017-05-31","2022-08-06",5.18275154004107,74,0.0950421421439385,0.937535625862575,0.0077159135891502,0.966129388885249,-145.995429511647,FALSE,134,-1.00074922064922,1.2016779432466,0.0613628456653226,176.989030171975,0.658333333333333,FALSE,2017,NA,NA,"2017",19,0.00287828396352135,0.00131343156692392,0.00444313636011879,19,0.0109320330384349,0.00738177437913849,0.0144822916977313,0.00208746805426863,0.00028388003379125,0.00323472243713105
"76","MARIAN","PAG","Pagan","OCC-PAG-013","POSP","17_22","PAG-013_1706-2208_POSP","2017-06-16","2022-08-06",5.13894592744695,34,0.0335585198066348,0.972732389068685,0.00490030016640288,0.987164850198712,-80.4010166717762,FALSE,57,-2.36594584865285,2.83052703233188,0.287340079352175,58.7911439995175,0.837595907928389,FALSE,2017,NA,NA,"2017",19,0.00287828396352135,0.00131343156692392,0.00444313636011879,19,0.0109320330384349,0.00738177437913849,0.0144822916977313,0.00208746805426863,0.00028388003379125,0.00323472243713105
"77","SAMOA","ROS","ROS_SANCTUARY","OCC-ROS-010","POCS","18_23","ROS-010_1807-2307_POCS","2018-07-17","2023-07-31",5.03764544832307,22,0.285371629279173,0.899624893034089,0.00444714649179652,0.981246783063556,-52.8043662729246,FALSE,31,0.0936926764652278,0.422629986889229,0.0117657366544018,40.9118308218447,0.601010101010101,FALSE,2018,NA,NA,"2018",14,0.00257914124688963,0.00136601216360828,0.00379227033017099,14,0.00245351215033476,0.00140555097104958,0.00350147332961993,0.00155480391390189,0.000320681519341567,0.00247391940646482
"78","SAMOA","ROS","ROS_SANCTUARY","OCC-ROS-010","MOSP","18_23","ROS-010_1807-2307_MOSP","2018-07-17","2023-07-31",5.03764544832307,15,0.00901028558857508,0.958061672121718,0.00892270019263532,0.981973165870689,-24.3657066487618,FALSE,38,-3.00534073708008,1.48662815173573,0.199287218161266,44.8221858020812,0.788405797101449,FALSE,2018,NA,NA,"2018",14,0.00146470505196004,0.000729533294939182,0.0021998768089809,14,0.00245351215033476,0.00140555097104958,0.00350147332961993,0.00141808746884409,0.000567014120815546,0.00207299771388482
"79","SAMOA","ROS","ROS_SANCTUARY","OCC-ROS-010","POSP","18_23","ROS-010_1807-2307_POSP","2018-07-17","2023-07-31",5.03764544832307,7,0.0847758989139811,0.929249851183947,0.0274433020969182,0.877094979963851,-1.65959820337237,FALSE,10,-3.28023932831408,4.71122249333946,0.438420314478719,10.8609796528833,0.857142857142857,FALSE,2018,NA,NA,"2018",14,0.00359688131243398,0.000359487601082643,0.00683427502378532,14,0.00245351215033476,0.00140555097104958,0.00350147332961993,0.00139551169221687,0.000285580056114724,0.00224086892727137
"80","MARIAN","SAI","Saipan","OCC-SAI-009","POSP","17_22","SAI-009_1706-2204_POSP","2017-06-18","2022-04-21",4.84052019164956,23,0.062741436167109,0.947812690741761,0.0252187779481911,0.904128390192096,-15.4650056928006,FALSE,239,-4.34169154316578,1.26455404731353,0.0654098761052399,145.493740768665,0.694645732689211,FALSE,2017,NA,NA,"2017",22,0.00208746805426863,0.000940213671406212,0.00323472243713105,22,0.00747539866494117,0.00496751917138509,0.00998327815849725,0.00208746805426863,0.00028388003379125,0.00323472243713105
"81","MARIAN","SAI","Saipan","OCC-SAI-012","POSP","17_22","SAI-012_1704-2204_POSP","2017-04-22","2022-04-22",4.99931553730322,41,0.147290782995593,0.95628591155144,0.00699977280531746,0.98688962227701,-83.1344485810853,FALSE,72,-0.702489764856205,0.981460441579115,0.0877592263724616,93.7825590447866,0.694728560188828,FALSE,2017,NA,NA,"2017",22,0.00208746805426863,0.000940213671406212,0.00323472243713105,22,0.00747539866494117,0.00496751917138509,0.00998327815849725,0.00208746805426863,0.00028388003379125,0.00323472243713105
"82","SAMOA","TAU","TAU_OPEN","OCC-TAU-002","MOSP","18_23","TAU-002_1807-2308_MOSP","2018-07-12","2023-08-01",5.05407255304586,81,0.181030051301382,0.909860852049099,0.0104402476831207,0.972015074864815,-135.686107861631,FALSE,144,-2.39649707282776,1.83340847338448,0.199009577069363,162.091873617302,0.794042719968646,FALSE,2018,NA,NA,"2018",15,0.00363139846432988,0.00172681702028627,0.0055359799083735,15,0.00260664894742938,0.00150472105944606,0.00370857683541269,0.00141808746884409,0.000567014120815546,0.00207299771388482
"83","SAMOA","TAU","TAU_OPEN","OCC-TAU-002","POSP","18_23","TAU-002_1807-2308_POSP","2018-07-12","2023-08-01",5.05407255304586,15,0.0579295918725508,0.953132529121597,0.0161139489745019,0.983010057375434,-15.4994064509335,FALSE,43,-1.28749683809201,0.413256037354,0.0253828185499466,58.2065033647683,0.592857142857143,FALSE,2018,NA,NA,"2018",15,0.00139551169221687,0.000550154457162367,0.00224086892727137,15,0.00260664894742938,0.00150472105944606,0.00370857683541269,0.00139551169221687,0.000285580056114724,0.00224086892727137
"84","SAMOA","TUT","TUT_NE_OPEN","OCC-TUT-002","POCS","18_23","TUT-002_1806-2307_POCS","2018-06-29","2023-07-08",5.02395619438741,12,0.529380773695139,0.787324539943151,0.00294535151675032,0.970791617433686,-32.0636591863161,FALSE,33,-8.0601837169002,3.76247091533494,0.393361255532745,30.2442822624869,0.884920634920635,FALSE,2018,NA,NA,"2018",9,0.00074473521853332,2.69117883368245e-05,0.00146255864872982,9,0.000974300641220338,0.000487534263336253,0.00146106701910442,0.00155480391390189,0.000320681519341567,0.00247391940646482
"85","SAMOA","TUT","TUT_NE_OPEN","OCC-TUT-002","MOSP","18_23","TUT-002_1806-2307_MOSP","2018-06-29","2023-07-08",5.02395619438741,38,0.193285741827475,0.914054432684096,0.00696432071478949,0.961957812152153,-76.959523670644,FALSE,103,-2.09788785987155,0.885935551941365,0.0310702812223778,135.413300669917,0.623886639676113,FALSE,2018,NA,NA,"2018",9,0.00107368656400606,0.000479582104352588,0.00166779102365952,9,0.000974300641220338,0.000487534263336253,0.00146106701910442,0.00141808746884409,0.000567014120815546,0.00207299771388482
"86","SAMOA","TUT","TUT_NE_OPEN","OCC-TUT-002","POSP","18_23","TUT-002_1806-2307_POSP","2018-06-29","2023-07-08",5.02395619438741,23,0.158342306927569,0.866704267372138,0.00508315049110318,0.919374210736034,-52.3031311580785,FALSE,59,-1.75019848273855,1.01643179316216,0.0260468357634972,80.8481390391566,0.595410628019324,FALSE,2018,NA,NA,"2018",9,0.000470515467481654,7.90893356234256e-05,0.000861941599339882,9,0.000974300641220338,0.000487534263336253,0.00146106701910442,0.00139551169221687,0.000285580056114724,0.00224086892727137
"87","SAMOA","TUT","TUT_NE_OPEN","OCC-TUT-002","ACSP","18_23","TUT-002_1806-2307_ACSP","2018-06-29","2023-07-08",5.02395619438741,29,0.240954233067833,0.931893026957322,0.0135480183236466,0.973284715198699,-38.5178097839595,FALSE,55,-0.690391357204357,0.415440745587521,0.0177011683953104,78.7357236058469,0.590185676392573,FALSE,2018,NA,NA,"2018",9,0,NA,NA,9,0.000974300641220338,0.000487534263336253,0.00146106701910442,0.000524989608439407,1.5894524080342e-05,0.00121097493422676
"88","SAMOA","TUT","TUT_FAGATELE","OCC-TUT-017","MOSP","18_23","TUT-017_1807-2307_MOSP","2018-07-06","2023-07-01",4.98562628336756,24,0.237278749573579,0.887207807955469,0.00992300358507442,0.967594000305582,-38.6888144001843,FALSE,54,-3.24834428787911,1.48987658700474,0.110816715917337,69.9701530774805,0.704166666666667,FALSE,2018,NA,NA,"2018",8,0.00360669962311017,0.00243221661123314,0.00478118263498721,8,0.00177999397738727,0.00124308919047093,0.00231689876430362,0.00141808746884409,0.000567014120815546,0.00207299771388482
"89","SAMOA","TUT","TUT_FAGATELE","OCC-TUT-017","ACSP","18_23","TUT-017_1807-2307_ACSP","2018-07-06","2023-07-01",4.98562628336756,65,0.234751093824632,0.931982146869678,0.00934985509193218,0.976472514819787,-115.275044220556,FALSE,83,-0.820245247317734,1.01287476119266,0.054429518715075,86.0791227852506,0.653846153846154,FALSE,2018,NA,NA,"2018",8,0.000161295548059515,3.51233859146363e-05,0.000287467710204394,8,0.00177999397738727,0.00124308919047093,0.00231689876430362,0.000524989608439407,1.5894524080342e-05,0.00121097493422676
"90","SAMOA","TUT","TUT_NW_OPEN","OCC-TUT-025","ACSP","18_23","TUT-025_1807-2308_ACSP","2018-07-02","2023-08-05",5.09240246406571,7,0.349957870217627,0.894403113290783,0.00485122849635091,0.886958154505366,-13.7898293467176,FALSE,16,-2.74857425168551,1.61963550030568,0.0423557558936706,25.0011905920829,0.634920634920635,FALSE,2018,NA,NA,"2018",13,0.000519666131758124,-0.000224906678503071,0.00126423894201932,13,0.00203167869478007,0.00072473785655655,0.00333861953300358,0.000524989608439407,1.5894524080342e-05,0.00121097493422676
"91","SAMOA","TUT","TUT_NW_OPEN","OCC-TUT-025","POSP","18_23","TUT-025_1807-2308_POSP","2018-07-02","2023-08-05",5.09240246406571,19,0.295800214117447,0.860177456114432,0.0146622871823808,0.957570947642618,-22.4206778162633,FALSE,26,-2.18105997288428,1.65243816247075,0.172513518447246,29.064231786055,0.796992481203007,FALSE,2018,NA,NA,"2018",13,0.00145804959485539,0.000269316237582092,0.00264678295212868,13,0.00203167869478007,0.00072473785655655,0.00333861953300358,0.00139551169221687,0.000285580056114724,0.00224086892727137
"92","SAMOA","TUT","TUT_NW_OPEN","OCC-TUT-025","POCS","18_23","TUT-025_1807-2308_POCS","2018-07-02","2023-08-05",5.09240246406571,8,0.369610575983326,0.852236311422596,0.00830628942039974,0.985295090517567,-11.9243783654749,FALSE,11,-0.796132536086596,1.21923194533468,0.115957870855013,15.3961496057893,0.708333333333333,FALSE,2018,NA,NA,"2018",13,0.00241878554702359,-0.00173411695171122,0.0065716880457584,13,0.00203167869478007,0.00072473785655655,0.00333861953300358,0.00155480391390189,0.000320681519341567,0.00247391940646482
"93","NWHI","PHR","Pearl & Hermes","PHR_OCC_016","POSP","16-19","PHR016_1609-1909_POSP","2016-09-11","2019-09-04",2.97878165639973,18,0.0484326968132842,0.965923201956936,0.0202988149261692,0.96884452726488,-15.1877773543209,FALSE,28,-1.23818076624502,1.79520119477019,0.250482407028028,31.3561685002937,0.822222222222222,FALSE,2016,NA,NA,"2016",20,0.00868853468975601,0.00610264938106379,0.0112744199984482,20,0.0196833562316691,0.00978304564046361,0.0295836668228745,0.00280084974066202,0.00112061988251476,0.00480347812038449
