"","REGION","Island","SEC_NAME","Site","Interval","GENUS_CODE","SIG","StartingDate","EndingDate","Interval_Years","Nrec","AdultCoralArea_cm2","A.Surv.m2","A.Surv.cm2","RecSFM_p_Survcm2","RecSFM_p_SiteAdcm2","RecSFM_p_SiteAdcm2_Yr"
"1","MARIAN","ASC","Asuncion","OCC-ASC-003","17_22","ACSP","ASC-003_1706-2207_ACSP","2017-06-07","2022-07-24",5.12799452429843,12,1318.1239,124,1240000,9.67741935483871e-06,0.00910384828011995,0.00177532332317876
"2","MARIAN","ASC","Asuncion","OCC-ASC-003","17_22","POCS","ASC-003_1706-2207_POCS","2017-06-07","2022-07-24",5.12799452429843,68,167.5169,123,1230000,5.52845528455285e-05,0.40592919281577,0.0791594435002455
"3","MARIAN","ASC","Asuncion","OCC-ASC-003","17_22","POSP","ASC-003_1706-2207_POSP","2017-06-07","2022-07-24",5.12799452429843,34,2027.0904,14.1,141000,0.00024113475177305,0.0167728089482344,0.00327083207065809
"4","MARIAN","GUA","GUA_MP","OCC-GUA-015","17_22","POCS","GUA-015_1705-2206_POCS","2017-05-04","2022-06-15",5.11430527036276,4,2141.3746,12.5,125000,3.2e-05,0.00186795902034142,0.000365241987248236
"5","MARIAN","GUA","GUA_MP","OCC-GUA-015","17_22","POSP","GUA-015_1705-2206_POSP","2017-05-04","2022-06-15",5.11430527036276,8,6841.7302,12.5,125000,6.4e-05,0.00116929486637751,0.000228632200184362
"6","MARIAN","GUA","GUA_MP","OCC-GUA-026","17_22","POSP","GUA-026_1705-2208_POSP","2017-05-03","2022-08-01",5.24572210814511,136,31781.0154,5,50000,0.00272,0.00427928429247103,0.000815766486338749
"7","MARIAN","GUA","GUA_WEST_OPEN","OCC-GUA-025","17_22","ACSP","GUA-025_1705-2207_ACSP","2017-05-03","2022-07-08",5.18001368925394,2,0,12.5,125000,1.6e-05,Inf,NA
"8","MARIAN","GUA","GUA_WEST_OPEN","OCC-GUA-025","17_22","POCS","GUA-025_1705-2207_POCS","2017-05-03","2022-07-08",5.18001368925394,10,22.8351,25,250000,4e-05,0.437922321338641,0.0845407652584241
"9","MARIAN","GUA","GUA_WEST_OPEN","OCC-GUA-025","17_22","POSP","GUA-025_1705-2207_POSP","2017-05-03","2022-07-08",5.18001368925394,22,32225.4456,12,120000,0.000183333333333333,0.00068269032717425,0.000131793151162999
"10","MARIAN","MAU","Maug","OCC-MAU-002","14_17","ACSP","MAU-002_1405-1706_ACSP","2014-05-18","2017-06-05",3.04996577686516,5,13699.37,126.8,1268000,3.94321766561514e-06,0.000364980287414677,0.000119667010752433
"11","MARIAN","MAU","Maug","OCC-MAU-002","14_17","MOSP","MAU-002_1405-1706_MOSP","2014-05-18","2017-06-05",3.04996577686516,2,3484.2674,12,120000,1.66666666666667e-05,0.000574008757192401,0.000188201704276952
"12","MARIAN","MAU","Maug","OCC-MAU-002","14_17","POCS","MAU-002_1405-1706_POCS","2014-05-18","2017-06-05",3.04996577686516,8,4543.4335,12,120000,6.66666666666667e-05,0.00176078289689945,0.000577312345684492
"13","MARIAN","MAU","Maug","OCC-MAU-002","14_17","POSP","MAU-002_1405-1706_POSP","2014-05-18","2017-06-05",3.04996577686516,7,124853.48345,12,120000,5.83333333333333e-05,5.60657164427718e-05,1.83824083758729e-05
"14","MARIAN","MAU","Maug","OCC-MAU-002","17_22","ACSP","MAU-002_1706-2206_ACSP","2017-06-05","2022-06-24",5.05133470225873,4,235.8453,126.8,1268000,3.15457413249211e-06,0.0169602701431828,0.00335758193484961
"15","MARIAN","MAU","Maug","OCC-MAU-002","17_22","POCS","MAU-002_1706-2206_POCS","2017-06-05","2022-06-24",5.05133470225873,82,58.0604,12,120000,0.000683333333333333,1.41232234018367,0.279593894174572
"16","MARIAN","MAU","Maug","OCC-MAU-002","17_22","POSP","MAU-002_1706-2206_POSP","2017-06-05","2022-06-24",5.05133470225873,42,96700.1153,12,120000,0.00035,0.000434332470749391,8.59837045751843e-05
"17","MARIAN","MAU","Maug","OCC-MAU-019","14_17","ACSP","MAU-019_1405-1706_ACSP","2014-05-06","2017-06-13",3.1047227926078,7,14910.3124,118,1180000,5.93220338983051e-06,0.000469473731482648,0.000151212769333366
"18","MARIAN","MAU","Maug","OCC-MAU-019","14_17","POCS","MAU-019_1405-1706_POCS","2014-05-06","2017-06-13",3.1047227926078,3,7890.656,118,1180000,2.54237288135593e-06,0.000380196526118994,0.000122457478981449
"19","MARIAN","MAU","Maug","OCC-MAU-019","14_17","POSP","MAU-019_1405-1706_POSP","2014-05-06","2017-06-13",3.1047227926078,4,63006.2074,118,1180000,3.38983050847458e-06,6.34858082253019e-05,2.044814061225e-05
"20","MARIAN","MAU","Maug","OCC-MAU-019","17_22","ACSP","MAU-019_1706-2206_ACSP","2017-06-13","2022-06-26",5.03490759753593,28,498.3376,118,1180000,2.3728813559322e-05,0.0561868099055741,0.0111594520489456
"21","MARIAN","MAU","Maug","OCC-MAU-019","17_22","POCS","MAU-019_1706-2206_POCS","2017-06-13","2022-06-26",5.03490759753593,126,115.7917,118,1180000,0.000106779661016949,1.0881608958155,0.216123310057973
"22","MARIAN","MAU","Maug","OCC-MAU-019","17_22","POSP","MAU-019_1706-2206_POSP","2017-06-13","2022-06-26",5.03490759753593,26,116426.1916,118,1180000,2.20338983050847e-05,0.000223317448099024,4.43538324731748e-05
"23","MARIAN","PAG","Pagan","OCC-PAG-006","17_22","ACSP","PAG-006_1705-2208_ACSP","2017-05-31","2022-08-06",5.18275154004107,126,2357.6419,90.2,902000,0.000139689578713969,0.0534432307128576,0.0103117485567201
"24","MARIAN","PAG","Pagan","OCC-PAG-006","17_22","POCS","PAG-006_1705-2208_POCS","2017-05-31","2022-08-06",5.18275154004107,4,0,12.5,125000,3.2e-05,Inf,NA
"25","MARIAN","PAG","Pagan","OCC-PAG-006","17_22","POSP","PAG-006_1705-2208_POSP","2017-05-31","2022-08-06",5.18275154004107,134,5651.0298,90.2,902000,0.000148558758314856,0.0237124921903615,0.0045752708782512
"26","MARIAN","PAG","Pagan","OCC-PAG-013","17_22","POSP","PAG-013_1706-2208_POSP","2017-06-16","2022-08-06",5.13894592744695,76,6458.3321,19,190000,4e-04,0.0117677441827434,0.00228991399187375
"27","MARIAN","SAI","Saipan","OCC-SAI-009","17_22","ACSP","SAI-009_1706-2204_ACSP","2017-06-18","2022-04-21",4.84052019164956,62,6818.6994,120.6,1206000,5.14096185737977e-05,0.00909264309261089,0.00187844337645708
"28","MARIAN","SAI","Saipan","OCC-SAI-009","17_22","MOSP","SAI-009_1706-2204_MOSP","2017-06-18","2022-04-21",4.84052019164956,2,506.2129,12.5,125000,1.6e-05,0.00395090682201106,0.000816215337522362
"29","MARIAN","SAI","Saipan","OCC-SAI-009","17_22","POCS","SAI-009_1706-2204_POCS","2017-06-18","2022-04-21",4.84052019164956,20,1358.1892,12.5,125000,0.00016,0.01472548890832,0.00304212942520581
"30","MARIAN","SAI","Saipan","OCC-SAI-009","17_22","POSP","SAI-009_1706-2204_POSP","2017-06-18","2022-04-21",4.84052019164956,42,34140.0933,12.5,125000,0.000336,0.00123022510896301,0.000254151425932546
"31","MARIAN","SAI","Saipan","OCC-SAI-012","17_22","ACSP","SAI-012_1704-2204_ACSP","2017-04-22","2022-04-22",4.99931553730322,14,5260.5171,12.5,125000,0.000112,0.00266133532766199,0.000532339938898434
"32","MARIAN","SAI","Saipan","OCC-SAI-012","17_22","POCS","SAI-012_1704-2204_POCS","2017-04-22","2022-04-22",4.99931553730322,30,626.9272,12.5,125000,0.00024,0.047852446025631,0.00957179951306776
"33","MARIAN","SAI","Saipan","OCC-SAI-012","17_22","POSP","SAI-012_1704-2204_POSP","2017-04-22","2022-04-22",4.99931553730322,104,6521.5792,12.5,125000,0.000832,0.0159470577310477,0.00318984821263153
"34","MHI","HAW","HAW_HAMAKUA","HAW_OCC_002","16-19","MOSP","HAW002_1608-1907_MOSP","2016-08-15","2019-07-15",2.91307323750856,14,264.1511,33,330000,4.24242424242424e-05,0.0529999685785901,0.0181938331986184
"35","MHI","HAW","HAW_HAMAKUA","HAW_OCC_002","16-19","MOSP","HAW002_1608-1907_MOSP","2016-08-15","2019-07-15",2.91307323750856,14,264.1511,33,330000,4.24242424242424e-05,0.0529999685785901,0.0181938331986184
"36","MHI","HAW","HAW_HAMAKUA","HAW_OCC_002","16-19","POCS","HAW002_1608-1907_POCS","2016-08-15","2019-07-15",2.91307323750856,13,131.12835,33,330000,3.93939393939394e-05,0.0991395072080141,0.0340326174884653
"37","MHI","HAW","HAW_HAMAKUA","HAW_OCC_002","16-19","POCS","HAW002_1608-1907_POCS","2016-08-15","2019-07-15",2.91307323750856,13,131.12835,33,330000,3.93939393939394e-05,0.0991395072080141,0.0340326174884653
"38","MHI","HAW","HAW_HAMAKUA","HAW_OCC_002","16-19","POSP","HAW002_1608-1907_POSP","2016-08-15","2019-07-15",2.91307323750856,29,6273.0845,33,330000,8.78787878787879e-05,0.00462292513356069,0.00158695808743707
"39","MHI","HAW","HAW_HAMAKUA","HAW_OCC_002","16-19","POSP","HAW002_1608-1907_POSP","2016-08-15","2019-07-15",2.91307323750856,29,6273.0845,33,330000,8.78787878787879e-05,0.00462292513356069,0.00158695808743707
"40","MHI","HAW","HAW_KONA","HAW_OCC_010","16-19","MOSP","HAW010_1607-1907_MOSP","2016-07-06","2019-07-19",3.03353867214237,9,118.25080006253,5,50000,0.00018,0.0761094216296285,0.0250893197204168
"41","MHI","HAW","HAW_KONA","HAW_OCC_010","16-19","MOSP","HAW010_1607-1907_MOSP","2016-07-06","2019-07-19",3.03353867214237,9,118.25080006253,5,50000,0.00018,0.0761094216296285,0.0250893197204168
"42","MHI","HAW","HAW_KONA","HAW_OCC_010","16-19","POCS","HAW010_1607-1907_POCS","2016-07-06","2019-07-19",3.03353867214237,1,0,5,50000,2e-05,Inf,NA
"43","MHI","HAW","HAW_KONA","HAW_OCC_010","16-19","POCS","HAW010_1607-1907_POCS","2016-07-06","2019-07-19",3.03353867214237,1,0,5,50000,2e-05,Inf,NA
"44","MHI","HAW","HAW_KONA","HAW_OCC_010","16-19","POSP","HAW010_1607-1907_POSP","2016-07-06","2019-07-19",3.03353867214237,82,10436.5510959486,5,50000,0.00164,0.00785700172845717,0.00259004501924096
"45","MHI","HAW","HAW_KONA","HAW_OCC_010","16-19","POSP","HAW010_1607-1907_POSP","2016-07-06","2019-07-19",3.03353867214237,82,10436.5510959486,5,50000,0.00164,0.00785700172845717,0.00259004501924096
"46","MHI","HAW","HAW_KONA","HAW_SIO_K08","15-17","POSP","HAWK08_1504-1704_POSP","2015-04-13","2017-04-08",1.98767967145791,4,18708.7376818444,5,50000,8e-05,0.000213803842248627,0.000107564536337894
"47","MHI","HAW","HAW_KONA","HAW_SIO_K08","15-17","POSP","HAWK08_1504-1704_POSP","2015-04-13","2017-04-08",1.98767967145791,4,18708.7376818444,5,50000,8e-05,0.000213803842248627,0.000107564536337894
"48","MHI","HAW","HAW_KONA","HAW_SIO_K08","15-17","POSP","HAWK08_1504-1704_POSP","2015-04-13","2017-04-08",1.98767967145791,4,18708.7376818444,5,50000,8e-05,0.000213803842248627,0.000107564536337894
"49","MHI","HAW","HAW_KONA","HAW_SIO_K08","17-19","POSP","HAWK08_1704-1907_POSP","2017-04-08","2019-07-19",2.27789185489391,12,8402.02655463287,5,50000,0.00024,0.0014282268595525,0.000626995024581189
"50","MHI","HAW","HAW_KONA","HAW_SIO_K08","17-19","POSP","HAWK08_1704-1907_POSP","2017-04-08","2019-07-19",2.27789185489391,12,8402.02655463287,5,50000,0.00024,0.0014282268595525,0.000626995024581189
"51","MHI","HAW","HAW_KONA","HAW_SIO_K08","17-19","POSP","HAWK08_1704-1907_POSP","2017-04-08","2019-07-19",2.27789185489391,12,8402.02655463287,5,50000,0.00024,0.0014282268595525,0.000626995024581189
"52","MHI","HAW","HAW_KONA","HAW_SIO_K10","15-17","POSP","HAWK10_1504-1704_POSP","2015-04-15","2017-04-08",1.98220396988364,3,40401.89155,12.5,125000,2.4e-05,7.42539491322406e-05,3.74602968515896e-05
"53","MHI","HAW","HAW_KONA","HAW_SIO_K10","15-17","POSP","HAWK10_1504-1704_POSP","2015-04-15","2017-04-08",1.98220396988364,3,40401.89155,12.5,125000,2.4e-05,7.42539491322406e-05,3.74602968515896e-05
"54","MHI","HAW","HAW_KONA","HAW_SIO_K10","15-17","POSP","HAWK10_1504-1704_POSP","2015-04-15","2017-04-08",1.98220396988364,3,40401.89155,12.5,125000,2.4e-05,7.42539491322406e-05,3.74602968515896e-05
"55","MHI","HAW","HAW_KONA","HAW_SIO_K10","17-19","POSP","HAWK10_1704-1907_POSP","2017-04-08","2019-07-17",2.27241615331964,12,13730.49435,12.5,125000,9.6e-05,0.000873967076065255,0.000384598162087753
"56","MHI","HAW","HAW_KONA","HAW_SIO_K10","17-19","POSP","HAWK10_1704-1907_POSP","2017-04-08","2019-07-17",2.27241615331964,12,13730.49435,12.5,125000,9.6e-05,0.000873967076065255,0.000384598162087753
"57","MHI","HAW","HAW_KONA","HAW_SIO_K10","17-19","POSP","HAWK10_1704-1907_POSP","2017-04-08","2019-07-17",2.27241615331964,12,13730.49435,12.5,125000,9.6e-05,0.000873967076065255,0.000384598162087753
"58","MHI","HAW","HAW_PUNA","HAW_OCC_003","16-19","MOSP","HAW003_1608-1907_MOSP","2016-08-08","2019-07-13",2.92676249144422,21,12207.7623478269,11.5,115000,0.000182608695652174,0.00172021697356668,0.000587754209162982
"59","MHI","HAW","HAW_PUNA","HAW_OCC_003","16-19","MOSP","HAW003_1608-1907_MOSP","2016-08-08","2019-07-13",2.92676249144422,21,12207.7623478269,11.5,115000,0.000182608695652174,0.00172021697356668,0.000587754209162982
"60","MHI","HAW","HAW_PUNA","HAW_OCC_003","16-19","POCS","HAW003_1608-1907_POCS","2016-08-08","2019-07-13",2.92676249144422,1,1636.1906005737,11.5,115000,8.69565217391304e-06,0.00061117573933585,0.000208823141994779
"61","MHI","HAW","HAW_PUNA","HAW_OCC_003","16-19","POCS","HAW003_1608-1907_POCS","2016-08-08","2019-07-13",2.92676249144422,1,1636.1906005737,11.5,115000,8.69565217391304e-06,0.00061117573933585,0.000208823141994779
"62","MHI","HAW","HAW_PUNA","HAW_OCC_003","16-19","POSP","HAW003_1608-1907_POSP","2016-08-08","2019-07-13",2.92676249144422,2,13328.7387509298,11.5,115000,1.73913043478261e-05,0.000150051706869901,5.12688362340796e-05
"63","MHI","HAW","HAW_PUNA","HAW_OCC_003","16-19","POSP","HAW003_1608-1907_POSP","2016-08-08","2019-07-13",2.92676249144422,2,13328.7387509298,11.5,115000,1.73913043478261e-05,0.000150051706869901,5.12688362340796e-05
"64","MHI","MAI","MAI_KIHEI","MAI_SIO_OL3","14-15","MOSP","MAIOL3_1407-1507_MOSP","2014-07-22","2015-07-14",0.97741273100616,17,31202.0565622192,5,50000,0.00034,0.000544835881766342,0.000557426626933212
"65","MHI","MAI","MAI_KIHEI","MAI_SIO_OL3","14-15","MOSP","MAIOL3_1407-1507_MOSP","2014-07-22","2015-07-14",0.97741273100616,17,31202.0565622192,5,50000,0.00034,0.000544835881766342,0.000557426626933212
"66","MHI","MAI","MAI_KIHEI","MAI_SIO_OL3","14-15","MOSP","MAIOL3_1407-1507_MOSP","2014-07-22","2015-07-14",0.97741273100616,17,31202.0565622192,5,50000,0.00034,0.000544835881766342,0.000557426626933212
"67","MHI","MAI","MAI_KIHEI","MAI_SIO_OL3","14-15","MOSP","MAIOL3_1407-1507_MOSP","2014-07-22","2015-07-14",0.97741273100616,17,31202.0565622192,5,50000,0.00034,0.000544835881766342,0.000557426626933212
"68","MHI","MAI","MAI_KIHEI","MAI_SIO_OL3","14-15","MOSP","MAIOL3_1407-1507_MOSP","2014-07-22","2015-07-14",0.97741273100616,17,31202.0565622192,5,50000,0.00034,0.000544835881766342,0.000557426626933212
"69","MHI","MAI","MAI_KIHEI","MAI_SIO_OL3","14-15","MOSP","MAIOL3_1407-1507_MOSP","2014-07-22","2015-07-14",0.97741273100616,17,31202.0565622192,5,50000,0.00034,0.000544835881766342,0.000557426626933212
"70","MHI","MAI","MAI_KIHEI","MAI_SIO_OL3","14-15","POCS","MAIOL3_1407-1507_POCS","2014-07-22","2015-07-14",0.97741273100616,3,1705.71100061857,14,140000,2.14285714285714e-05,0.00175879735717953,0.00179944183392108
"71","MHI","MAI","MAI_KIHEI","MAI_SIO_OL3","14-15","POCS","MAIOL3_1407-1507_POCS","2014-07-22","2015-07-14",0.97741273100616,3,1705.71100061857,14,140000,2.14285714285714e-05,0.00175879735717953,0.00179944183392108
"72","MHI","MAI","MAI_KIHEI","MAI_SIO_OL3","14-15","POCS","MAIOL3_1407-1507_POCS","2014-07-22","2015-07-14",0.97741273100616,3,1705.71100061857,14,140000,2.14285714285714e-05,0.00175879735717953,0.00179944183392108
"73","MHI","MAI","MAI_KIHEI","MAI_SIO_OL3","14-15","POCS","MAIOL3_1407-1507_POCS","2014-07-22","2015-07-14",0.97741273100616,3,1705.71100061857,14,140000,2.14285714285714e-05,0.00175879735717953,0.00179944183392108
"74","MHI","MAI","MAI_KIHEI","MAI_SIO_OL3","14-15","POCS","MAIOL3_1407-1507_POCS","2014-07-22","2015-07-14",0.97741273100616,3,1705.71100061857,14,140000,2.14285714285714e-05,0.00175879735717953,0.00179944183392108
"75","MHI","MAI","MAI_KIHEI","MAI_SIO_OL3","14-15","POCS","MAIOL3_1407-1507_POCS","2014-07-22","2015-07-14",0.97741273100616,3,1705.71100061857,14,140000,2.14285714285714e-05,0.00175879735717953,0.00179944183392108
"76","MHI","MAI","MAI_KIHEI","MAI_SIO_OL3","14-15","POSP","MAIOL3_1407-1507_POSP","2014-07-22","2015-07-14",0.97741273100616,5,4019.14801805841,14,140000,3.57142857142857e-05,0.00124404475215507,0.00127279368550319
"77","MHI","MAI","MAI_KIHEI","MAI_SIO_OL3","14-15","POSP","MAIOL3_1407-1507_POSP","2014-07-22","2015-07-14",0.97741273100616,5,4019.14801805841,14,140000,3.57142857142857e-05,0.00124404475215507,0.00127279368550319
"78","MHI","MAI","MAI_KIHEI","MAI_SIO_OL3","14-15","POSP","MAIOL3_1407-1507_POSP","2014-07-22","2015-07-14",0.97741273100616,5,4019.14801805841,14,140000,3.57142857142857e-05,0.00124404475215507,0.00127279368550319
"79","MHI","MAI","MAI_KIHEI","MAI_SIO_OL3","14-15","POSP","MAIOL3_1407-1507_POSP","2014-07-22","2015-07-14",0.97741273100616,5,4019.14801805841,14,140000,3.57142857142857e-05,0.00124404475215507,0.00127279368550319
"80","MHI","MAI","MAI_KIHEI","MAI_SIO_OL3","14-15","POSP","MAIOL3_1407-1507_POSP","2014-07-22","2015-07-14",0.97741273100616,5,4019.14801805841,14,140000,3.57142857142857e-05,0.00124404475215507,0.00127279368550319
"81","MHI","MAI","MAI_KIHEI","MAI_SIO_OL3","14-15","POSP","MAIOL3_1407-1507_POSP","2014-07-22","2015-07-14",0.97741273100616,5,4019.14801805841,14,140000,3.57142857142857e-05,0.00124404475215507,0.00127279368550319
"82","MHI","MAI","MAI_KIHEI","MAI_SIO_OL3","15-15","MOSP","MAIOL3_1507-1511_MOSP","2015-07-14","2015-11-04",0.309377138945927,10,30993.7085612856,5,50000,2e-04,0.000322646126075118,0.00104288935884015
"83","MHI","MAI","MAI_KIHEI","MAI_SIO_OL3","15-15","MOSP","MAIOL3_1507-1511_MOSP","2015-07-14","2015-11-04",0.309377138945927,10,30993.7085612856,5,50000,2e-04,0.000322646126075118,0.00104288935884015
"84","MHI","MAI","MAI_KIHEI","MAI_SIO_OL3","15-15","MOSP","MAIOL3_1507-1511_MOSP","2015-07-14","2015-11-04",0.309377138945927,10,30993.7085612856,5,50000,2e-04,0.000322646126075118,0.00104288935884015
"85","MHI","MAI","MAI_KIHEI","MAI_SIO_OL3","15-15","MOSP","MAIOL3_1507-1511_MOSP","2015-07-14","2015-11-04",0.309377138945927,10,30993.7085612856,5,50000,2e-04,0.000322646126075118,0.00104288935884015
"86","MHI","MAI","MAI_KIHEI","MAI_SIO_OL3","15-15","MOSP","MAIOL3_1507-1511_MOSP","2015-07-14","2015-11-04",0.309377138945927,10,30993.7085612856,5,50000,2e-04,0.000322646126075118,0.00104288935884015
"87","MHI","MAI","MAI_KIHEI","MAI_SIO_OL3","15-15","MOSP","MAIOL3_1507-1511_MOSP","2015-07-14","2015-11-04",0.309377138945927,10,30993.7085612856,5,50000,2e-04,0.000322646126075118,0.00104288935884015
"88","MHI","MAI","MAI_KIHEI","MAI_SIO_OL3","15-16","MOSP","MAIOL3_1511-1606_MOSP","2015-11-04","2016-06-16",0.616016427104723,26,28017.0276028735,5,50000,0.00052,0.000928007080855834,0.00150646482792264
"89","MHI","MAI","MAI_KIHEI","MAI_SIO_OL3","15-16","MOSP","MAIOL3_1511-1606_MOSP","2015-11-04","2016-06-16",0.616016427104723,26,28017.0276028735,5,50000,0.00052,0.000928007080855834,0.00150646482792264
"90","MHI","MAI","MAI_KIHEI","MAI_SIO_OL3","15-16","MOSP","MAIOL3_1511-1606_MOSP","2015-11-04","2016-06-16",0.616016427104723,26,28017.0276028735,5,50000,0.00052,0.000928007080855834,0.00150646482792264
"91","MHI","MAI","MAI_KIHEI","MAI_SIO_OL3","15-16","MOSP","MAIOL3_1511-1606_MOSP","2015-11-04","2016-06-16",0.616016427104723,26,28017.0276028735,5,50000,0.00052,0.000928007080855834,0.00150646482792264
"92","MHI","MAI","MAI_KIHEI","MAI_SIO_OL3","15-16","MOSP","MAIOL3_1511-1606_MOSP","2015-11-04","2016-06-16",0.616016427104723,26,28017.0276028735,5,50000,0.00052,0.000928007080855834,0.00150646482792264
"93","MHI","MAI","MAI_KIHEI","MAI_SIO_OL3","15-16","MOSP","MAIOL3_1511-1606_MOSP","2015-11-04","2016-06-16",0.616016427104723,26,28017.0276028735,5,50000,0.00052,0.000928007080855834,0.00150646482792264
"94","MHI","MAI","MAI_KIHEI","MAI_SIO_OL3","15-16","POSP","MAIOL3_1511-1606_POSP","2015-11-04","2016-06-16",0.616016427104723,1,2273.12153689569,14,140000,7.14285714285714e-06,0.000439923683696059,0.000714142779866603
"95","MHI","MAI","MAI_KIHEI","MAI_SIO_OL3","15-16","POSP","MAIOL3_1511-1606_POSP","2015-11-04","2016-06-16",0.616016427104723,1,2273.12153689569,14,140000,7.14285714285714e-06,0.000439923683696059,0.000714142779866603
"96","MHI","MAI","MAI_KIHEI","MAI_SIO_OL3","15-16","POSP","MAIOL3_1511-1606_POSP","2015-11-04","2016-06-16",0.616016427104723,1,2273.12153689569,14,140000,7.14285714285714e-06,0.000439923683696059,0.000714142779866603
"97","MHI","MAI","MAI_KIHEI","MAI_SIO_OL3","15-16","POSP","MAIOL3_1511-1606_POSP","2015-11-04","2016-06-16",0.616016427104723,1,2273.12153689569,14,140000,7.14285714285714e-06,0.000439923683696059,0.000714142779866603
"98","MHI","MAI","MAI_KIHEI","MAI_SIO_OL3","15-16","POSP","MAIOL3_1511-1606_POSP","2015-11-04","2016-06-16",0.616016427104723,1,2273.12153689569,14,140000,7.14285714285714e-06,0.000439923683696059,0.000714142779866603
"99","MHI","MAI","MAI_KIHEI","MAI_SIO_OL3","15-16","POSP","MAIOL3_1511-1606_POSP","2015-11-04","2016-06-16",0.616016427104723,1,2273.12153689569,14,140000,7.14285714285714e-06,0.000439923683696059,0.000714142779866603
"100","MHI","MAI","MAI_KIHEI","MAI_SIO_OL3","16-16","MOSP","MAIOL3_1606-1611_MOSP","2016-06-16","2016-11-29",0.454483230663929,26,26371.0910724357,5,50000,0.00052,0.000985928110770372,0.00216933880999324
"101","MHI","MAI","MAI_KIHEI","MAI_SIO_OL3","16-16","MOSP","MAIOL3_1606-1611_MOSP","2016-06-16","2016-11-29",0.454483230663929,26,26371.0910724357,5,50000,0.00052,0.000985928110770372,0.00216933880999324
"102","MHI","MAI","MAI_KIHEI","MAI_SIO_OL3","16-16","MOSP","MAIOL3_1606-1611_MOSP","2016-06-16","2016-11-29",0.454483230663929,26,26371.0910724357,5,50000,0.00052,0.000985928110770372,0.00216933880999324
"103","MHI","MAI","MAI_KIHEI","MAI_SIO_OL3","16-16","MOSP","MAIOL3_1606-1611_MOSP","2016-06-16","2016-11-29",0.454483230663929,26,26371.0910724357,5,50000,0.00052,0.000985928110770372,0.00216933880999324
"104","MHI","MAI","MAI_KIHEI","MAI_SIO_OL3","16-16","MOSP","MAIOL3_1606-1611_MOSP","2016-06-16","2016-11-29",0.454483230663929,26,26371.0910724357,5,50000,0.00052,0.000985928110770372,0.00216933880999324
"105","MHI","MAI","MAI_KIHEI","MAI_SIO_OL3","16-16","MOSP","MAIOL3_1606-1611_MOSP","2016-06-16","2016-11-29",0.454483230663929,26,26371.0910724357,5,50000,0.00052,0.000985928110770372,0.00216933880999324
"106","MHI","MAI","MAI_KIHEI","MAI_SIO_OL3","16-16","POSP","MAIOL3_1606-1611_POSP","2016-06-16","2016-11-29",0.454483230663929,10,2036.44498526185,14,140000,7.14285714285714e-05,0.00491051811974885,0.0108046189351703
"107","MHI","MAI","MAI_KIHEI","MAI_SIO_OL3","16-16","POSP","MAIOL3_1606-1611_POSP","2016-06-16","2016-11-29",0.454483230663929,10,2036.44498526185,14,140000,7.14285714285714e-05,0.00491051811974885,0.0108046189351703
"108","MHI","MAI","MAI_KIHEI","MAI_SIO_OL3","16-16","POSP","MAIOL3_1606-1611_POSP","2016-06-16","2016-11-29",0.454483230663929,10,2036.44498526185,14,140000,7.14285714285714e-05,0.00491051811974885,0.0108046189351703
"109","MHI","MAI","MAI_KIHEI","MAI_SIO_OL3","16-16","POSP","MAIOL3_1606-1611_POSP","2016-06-16","2016-11-29",0.454483230663929,10,2036.44498526185,14,140000,7.14285714285714e-05,0.00491051811974885,0.0108046189351703
"110","MHI","MAI","MAI_KIHEI","MAI_SIO_OL3","16-16","POSP","MAIOL3_1606-1611_POSP","2016-06-16","2016-11-29",0.454483230663929,10,2036.44498526185,14,140000,7.14285714285714e-05,0.00491051811974885,0.0108046189351703
"111","MHI","MAI","MAI_KIHEI","MAI_SIO_OL3","16-16","POSP","MAIOL3_1606-1611_POSP","2016-06-16","2016-11-29",0.454483230663929,10,2036.44498526185,14,140000,7.14285714285714e-05,0.00491051811974885,0.0108046189351703
"112","MHI","MAI","MAI_KIHEI","MAI_SIO_OL3","16-17","MOSP","MAIOL3_1611-1707_MOSP","2016-11-29","2017-07-26",0.654346338124572,38,24978.6603854777,5,50000,0.00076,0.00152129855699118,0.0023249133805064
"113","MHI","MAI","MAI_KIHEI","MAI_SIO_OL3","16-17","MOSP","MAIOL3_1611-1707_MOSP","2016-11-29","2017-07-26",0.654346338124572,38,24978.6603854777,5,50000,0.00076,0.00152129855699118,0.0023249133805064
"114","MHI","MAI","MAI_KIHEI","MAI_SIO_OL3","16-17","MOSP","MAIOL3_1611-1707_MOSP","2016-11-29","2017-07-26",0.654346338124572,38,24978.6603854777,5,50000,0.00076,0.00152129855699118,0.0023249133805064
"115","MHI","MAI","MAI_KIHEI","MAI_SIO_OL3","16-17","MOSP","MAIOL3_1611-1707_MOSP","2016-11-29","2017-07-26",0.654346338124572,38,24978.6603854777,5,50000,0.00076,0.00152129855699118,0.0023249133805064
"116","MHI","MAI","MAI_KIHEI","MAI_SIO_OL3","16-17","MOSP","MAIOL3_1611-1707_MOSP","2016-11-29","2017-07-26",0.654346338124572,38,24978.6603854777,5,50000,0.00076,0.00152129855699118,0.0023249133805064
"117","MHI","MAI","MAI_KIHEI","MAI_SIO_OL3","16-17","MOSP","MAIOL3_1611-1707_MOSP","2016-11-29","2017-07-26",0.654346338124572,38,24978.6603854777,5,50000,0.00076,0.00152129855699118,0.0023249133805064
"118","MHI","MAI","MAI_KIHEI","MAI_SIO_OL3","16-17","POSP","MAIOL3_1611-1707_POSP","2016-11-29","2017-07-26",0.654346338124572,8,2067.16592556956,14,140000,5.71428571428571e-05,0.00387003283144568,0.00591434933759639
"119","MHI","MAI","MAI_KIHEI","MAI_SIO_OL3","16-17","POSP","MAIOL3_1611-1707_POSP","2016-11-29","2017-07-26",0.654346338124572,8,2067.16592556956,14,140000,5.71428571428571e-05,0.00387003283144568,0.00591434933759639
"120","MHI","MAI","MAI_KIHEI","MAI_SIO_OL3","16-17","POSP","MAIOL3_1611-1707_POSP","2016-11-29","2017-07-26",0.654346338124572,8,2067.16592556956,14,140000,5.71428571428571e-05,0.00387003283144568,0.00591434933759639
"121","MHI","MAI","MAI_KIHEI","MAI_SIO_OL3","16-17","POSP","MAIOL3_1611-1707_POSP","2016-11-29","2017-07-26",0.654346338124572,8,2067.16592556956,14,140000,5.71428571428571e-05,0.00387003283144568,0.00591434933759639
"122","MHI","MAI","MAI_KIHEI","MAI_SIO_OL3","16-17","POSP","MAIOL3_1611-1707_POSP","2016-11-29","2017-07-26",0.654346338124572,8,2067.16592556956,14,140000,5.71428571428571e-05,0.00387003283144568,0.00591434933759639
"123","MHI","MAI","MAI_KIHEI","MAI_SIO_OL3","16-17","POSP","MAIOL3_1611-1707_POSP","2016-11-29","2017-07-26",0.654346338124572,8,2067.16592556956,14,140000,5.71428571428571e-05,0.00387003283144568,0.00591434933759639
"124","MHI","MAI","MAI_LAHAINA","MAI_SIO_K01","14-15","MOSP","MAIK01_1407-1507_MOSP","2014-07-21","2015-07-10",0.969199178644764,8,4134.11022165794,5,50000,0.00016,0.00193512015187435,0.00199661761432798
"125","MHI","MAI","MAI_LAHAINA","MAI_SIO_K01","14-15","MOSP","MAIK01_1407-1507_MOSP","2014-07-21","2015-07-10",0.969199178644764,8,4134.11022165794,5,50000,0.00016,0.00193512015187435,0.00199661761432798
"126","MHI","MAI","MAI_LAHAINA","MAI_SIO_K01","14-15","MOSP","MAIK01_1407-1507_MOSP","2014-07-21","2015-07-10",0.969199178644764,8,4134.11022165794,5,50000,0.00016,0.00193512015187435,0.00199661761432798
"127","MHI","MAI","MAI_LAHAINA","MAI_SIO_K01","14-15","MOSP","MAIK01_1407-1507_MOSP","2014-07-21","2015-07-10",0.969199178644764,8,4134.11022165794,5,50000,0.00016,0.00193512015187435,0.00199661761432798
"128","MHI","MAI","MAI_LAHAINA","MAI_SIO_K01","14-15","MOSP","MAIK01_1407-1507_MOSP","2014-07-21","2015-07-10",0.969199178644764,8,4134.11022165794,5,50000,0.00016,0.00193512015187435,0.00199661761432798
"129","MHI","MAI","MAI_LAHAINA","MAI_SIO_K01","14-15","MOSP","MAIK01_1407-1507_MOSP","2014-07-21","2015-07-10",0.969199178644764,8,4134.11022165794,5,50000,0.00016,0.00193512015187435,0.00199661761432798
"130","MHI","MAI","MAI_LAHAINA","MAI_SIO_K01","14-15","MOSP","MAIK01_1407-1507_MOSP","2014-07-21","2015-07-10",0.969199178644764,8,4134.11022165794,5,50000,0.00016,0.00193512015187435,0.00199661761432798
"131","MHI","MAI","MAI_LAHAINA","MAI_SIO_K01","14-15","POSP","MAIK01_1407-1507_POSP","2014-07-21","2015-07-10",0.969199178644764,4,6183.61976025613,5,50000,8e-05,0.000646870304948103,0.000667427623961284
"132","MHI","MAI","MAI_LAHAINA","MAI_SIO_K01","14-15","POSP","MAIK01_1407-1507_POSP","2014-07-21","2015-07-10",0.969199178644764,4,6183.61976025613,5,50000,8e-05,0.000646870304948103,0.000667427623961284
"133","MHI","MAI","MAI_LAHAINA","MAI_SIO_K01","14-15","POSP","MAIK01_1407-1507_POSP","2014-07-21","2015-07-10",0.969199178644764,4,6183.61976025613,5,50000,8e-05,0.000646870304948103,0.000667427623961284
"134","MHI","MAI","MAI_LAHAINA","MAI_SIO_K01","14-15","POSP","MAIK01_1407-1507_POSP","2014-07-21","2015-07-10",0.969199178644764,4,6183.61976025613,5,50000,8e-05,0.000646870304948103,0.000667427623961284
"135","MHI","MAI","MAI_LAHAINA","MAI_SIO_K01","14-15","POSP","MAIK01_1407-1507_POSP","2014-07-21","2015-07-10",0.969199178644764,4,6183.61976025613,5,50000,8e-05,0.000646870304948103,0.000667427623961284
"136","MHI","MAI","MAI_LAHAINA","MAI_SIO_K01","14-15","POSP","MAIK01_1407-1507_POSP","2014-07-21","2015-07-10",0.969199178644764,4,6183.61976025613,5,50000,8e-05,0.000646870304948103,0.000667427623961284
"137","MHI","MAI","MAI_LAHAINA","MAI_SIO_K01","14-15","POSP","MAIK01_1407-1507_POSP","2014-07-21","2015-07-10",0.969199178644764,4,6183.61976025613,5,50000,8e-05,0.000646870304948103,0.000667427623961284
"138","MHI","MAI","MAI_LAHAINA","MAI_SIO_K01","15-15","MOSP","MAIK01_1507-1511_MOSP","2015-07-10","2015-11-02",0.314852840520192,1,4547.25409151671,5,50000,2e-05,0.000219912936439067,0.000698462608994513
"139","MHI","MAI","MAI_LAHAINA","MAI_SIO_K01","15-15","MOSP","MAIK01_1507-1511_MOSP","2015-07-10","2015-11-02",0.314852840520192,1,4547.25409151671,5,50000,2e-05,0.000219912936439067,0.000698462608994513
"140","MHI","MAI","MAI_LAHAINA","MAI_SIO_K01","15-15","MOSP","MAIK01_1507-1511_MOSP","2015-07-10","2015-11-02",0.314852840520192,1,4547.25409151671,5,50000,2e-05,0.000219912936439067,0.000698462608994513
"141","MHI","MAI","MAI_LAHAINA","MAI_SIO_K01","15-15","MOSP","MAIK01_1507-1511_MOSP","2015-07-10","2015-11-02",0.314852840520192,1,4547.25409151671,5,50000,2e-05,0.000219912936439067,0.000698462608994513
"142","MHI","MAI","MAI_LAHAINA","MAI_SIO_K01","15-15","MOSP","MAIK01_1507-1511_MOSP","2015-07-10","2015-11-02",0.314852840520192,1,4547.25409151671,5,50000,2e-05,0.000219912936439067,0.000698462608994513
"143","MHI","MAI","MAI_LAHAINA","MAI_SIO_K01","15-15","MOSP","MAIK01_1507-1511_MOSP","2015-07-10","2015-11-02",0.314852840520192,1,4547.25409151671,5,50000,2e-05,0.000219912936439067,0.000698462608994513
"144","MHI","MAI","MAI_LAHAINA","MAI_SIO_K01","15-15","MOSP","MAIK01_1507-1511_MOSP","2015-07-10","2015-11-02",0.314852840520192,1,4547.25409151671,5,50000,2e-05,0.000219912936439067,0.000698462608994513
"145","MHI","MAI","MAI_LAHAINA","MAI_SIO_K01","15-16","MOSP","MAIK01_1511-1606_MOSP","2015-11-02","2016-06-16",0.621492128678987,11,4189.03612128991,5,50000,0.00022,0.00262590239890622,0.00422515793480396
"146","MHI","MAI","MAI_LAHAINA","MAI_SIO_K01","15-16","MOSP","MAIK01_1511-1606_MOSP","2015-11-02","2016-06-16",0.621492128678987,11,4189.03612128991,5,50000,0.00022,0.00262590239890622,0.00422515793480396
"147","MHI","MAI","MAI_LAHAINA","MAI_SIO_K01","15-16","MOSP","MAIK01_1511-1606_MOSP","2015-11-02","2016-06-16",0.621492128678987,11,4189.03612128991,5,50000,0.00022,0.00262590239890622,0.00422515793480396
"148","MHI","MAI","MAI_LAHAINA","MAI_SIO_K01","15-16","MOSP","MAIK01_1511-1606_MOSP","2015-11-02","2016-06-16",0.621492128678987,11,4189.03612128991,5,50000,0.00022,0.00262590239890622,0.00422515793480396
"149","MHI","MAI","MAI_LAHAINA","MAI_SIO_K01","15-16","MOSP","MAIK01_1511-1606_MOSP","2015-11-02","2016-06-16",0.621492128678987,11,4189.03612128991,5,50000,0.00022,0.00262590239890622,0.00422515793480396
"150","MHI","MAI","MAI_LAHAINA","MAI_SIO_K01","15-16","MOSP","MAIK01_1511-1606_MOSP","2015-11-02","2016-06-16",0.621492128678987,11,4189.03612128991,5,50000,0.00022,0.00262590239890622,0.00422515793480396
"151","MHI","MAI","MAI_LAHAINA","MAI_SIO_K01","15-16","MOSP","MAIK01_1511-1606_MOSP","2015-11-02","2016-06-16",0.621492128678987,11,4189.03612128991,5,50000,0.00022,0.00262590239890622,0.00422515793480396
"152","MHI","MAI","MAI_LAHAINA","MAI_SIO_K01","15-16","POSP","MAIK01_1511-1606_POSP","2015-11-02","2016-06-16",0.621492128678987,3,6675.95143039083,5,50000,6e-05,0.000449374150078916,0.000723056864829621
"153","MHI","MAI","MAI_LAHAINA","MAI_SIO_K01","15-16","POSP","MAIK01_1511-1606_POSP","2015-11-02","2016-06-16",0.621492128678987,3,6675.95143039083,5,50000,6e-05,0.000449374150078916,0.000723056864829621
"154","MHI","MAI","MAI_LAHAINA","MAI_SIO_K01","15-16","POSP","MAIK01_1511-1606_POSP","2015-11-02","2016-06-16",0.621492128678987,3,6675.95143039083,5,50000,6e-05,0.000449374150078916,0.000723056864829621
"155","MHI","MAI","MAI_LAHAINA","MAI_SIO_K01","15-16","POSP","MAIK01_1511-1606_POSP","2015-11-02","2016-06-16",0.621492128678987,3,6675.95143039083,5,50000,6e-05,0.000449374150078916,0.000723056864829621
"156","MHI","MAI","MAI_LAHAINA","MAI_SIO_K01","15-16","POSP","MAIK01_1511-1606_POSP","2015-11-02","2016-06-16",0.621492128678987,3,6675.95143039083,5,50000,6e-05,0.000449374150078916,0.000723056864829621
"157","MHI","MAI","MAI_LAHAINA","MAI_SIO_K01","15-16","POSP","MAIK01_1511-1606_POSP","2015-11-02","2016-06-16",0.621492128678987,3,6675.95143039083,5,50000,6e-05,0.000449374150078916,0.000723056864829621
"158","MHI","MAI","MAI_LAHAINA","MAI_SIO_K01","15-16","POSP","MAIK01_1511-1606_POSP","2015-11-02","2016-06-16",0.621492128678987,3,6675.95143039083,5,50000,6e-05,0.000449374150078916,0.000723056864829621
"159","MHI","MAI","MAI_LAHAINA","MAI_SIO_K01","16-16","MOSP","MAIK01_1606-1611_MOSP","2016-06-16","2016-11-30",0.457221081451061,2,4648.64264159959,5,50000,4e-05,0.000430233114092806,0.000940973921691002
"160","MHI","MAI","MAI_LAHAINA","MAI_SIO_K01","16-16","MOSP","MAIK01_1606-1611_MOSP","2016-06-16","2016-11-30",0.457221081451061,2,4648.64264159959,5,50000,4e-05,0.000430233114092806,0.000940973921691002
"161","MHI","MAI","MAI_LAHAINA","MAI_SIO_K01","16-16","MOSP","MAIK01_1606-1611_MOSP","2016-06-16","2016-11-30",0.457221081451061,2,4648.64264159959,5,50000,4e-05,0.000430233114092806,0.000940973921691002
"162","MHI","MAI","MAI_LAHAINA","MAI_SIO_K01","16-16","MOSP","MAIK01_1606-1611_MOSP","2016-06-16","2016-11-30",0.457221081451061,2,4648.64264159959,5,50000,4e-05,0.000430233114092806,0.000940973921691002
"163","MHI","MAI","MAI_LAHAINA","MAI_SIO_K01","16-16","MOSP","MAIK01_1606-1611_MOSP","2016-06-16","2016-11-30",0.457221081451061,2,4648.64264159959,5,50000,4e-05,0.000430233114092806,0.000940973921691002
"164","MHI","MAI","MAI_LAHAINA","MAI_SIO_K01","16-16","MOSP","MAIK01_1606-1611_MOSP","2016-06-16","2016-11-30",0.457221081451061,2,4648.64264159959,5,50000,4e-05,0.000430233114092806,0.000940973921691002
"165","MHI","MAI","MAI_LAHAINA","MAI_SIO_K01","16-16","MOSP","MAIK01_1606-1611_MOSP","2016-06-16","2016-11-30",0.457221081451061,2,4648.64264159959,5,50000,4e-05,0.000430233114092806,0.000940973921691002
"166","MHI","MAI","MAI_LAHAINA","MAI_SIO_K01","16-16","POSP","MAIK01_1606-1611_POSP","2016-06-16","2016-11-30",0.457221081451061,3,5965.96953487955,5,50000,6e-05,0.000502852048181062,0.00109980066226427
"167","MHI","MAI","MAI_LAHAINA","MAI_SIO_K01","16-16","POSP","MAIK01_1606-1611_POSP","2016-06-16","2016-11-30",0.457221081451061,3,5965.96953487955,5,50000,6e-05,0.000502852048181062,0.00109980066226427
"168","MHI","MAI","MAI_LAHAINA","MAI_SIO_K01","16-16","POSP","MAIK01_1606-1611_POSP","2016-06-16","2016-11-30",0.457221081451061,3,5965.96953487955,5,50000,6e-05,0.000502852048181062,0.00109980066226427
"169","MHI","MAI","MAI_LAHAINA","MAI_SIO_K01","16-16","POSP","MAIK01_1606-1611_POSP","2016-06-16","2016-11-30",0.457221081451061,3,5965.96953487955,5,50000,6e-05,0.000502852048181062,0.00109980066226427
"170","MHI","MAI","MAI_LAHAINA","MAI_SIO_K01","16-16","POSP","MAIK01_1606-1611_POSP","2016-06-16","2016-11-30",0.457221081451061,3,5965.96953487955,5,50000,6e-05,0.000502852048181062,0.00109980066226427
"171","MHI","MAI","MAI_LAHAINA","MAI_SIO_K01","16-16","POSP","MAIK01_1606-1611_POSP","2016-06-16","2016-11-30",0.457221081451061,3,5965.96953487955,5,50000,6e-05,0.000502852048181062,0.00109980066226427
"172","MHI","MAI","MAI_LAHAINA","MAI_SIO_K01","16-16","POSP","MAIK01_1606-1611_POSP","2016-06-16","2016-11-30",0.457221081451061,3,5965.96953487955,5,50000,6e-05,0.000502852048181062,0.00109980066226427
"173","MHI","MAI","MAI_LAHAINA","MAI_SIO_K01","16-17","MOSP","MAIK01_1611-1707_MOSP","2016-11-30","2017-07-28",0.657084188911704,5,5487.76293311011,5,50000,1e-04,0.000911118075059835,0.00138660782048169
"174","MHI","MAI","MAI_LAHAINA","MAI_SIO_K01","16-17","MOSP","MAIK01_1611-1707_MOSP","2016-11-30","2017-07-28",0.657084188911704,5,5487.76293311011,5,50000,1e-04,0.000911118075059835,0.00138660782048169
"175","MHI","MAI","MAI_LAHAINA","MAI_SIO_K01","16-17","MOSP","MAIK01_1611-1707_MOSP","2016-11-30","2017-07-28",0.657084188911704,5,5487.76293311011,5,50000,1e-04,0.000911118075059835,0.00138660782048169
"176","MHI","MAI","MAI_LAHAINA","MAI_SIO_K01","16-17","MOSP","MAIK01_1611-1707_MOSP","2016-11-30","2017-07-28",0.657084188911704,5,5487.76293311011,5,50000,1e-04,0.000911118075059835,0.00138660782048169
"177","MHI","MAI","MAI_LAHAINA","MAI_SIO_K01","16-17","MOSP","MAIK01_1611-1707_MOSP","2016-11-30","2017-07-28",0.657084188911704,5,5487.76293311011,5,50000,1e-04,0.000911118075059835,0.00138660782048169
"178","MHI","MAI","MAI_LAHAINA","MAI_SIO_K01","16-17","MOSP","MAIK01_1611-1707_MOSP","2016-11-30","2017-07-28",0.657084188911704,5,5487.76293311011,5,50000,1e-04,0.000911118075059835,0.00138660782048169
"179","MHI","MAI","MAI_LAHAINA","MAI_SIO_K01","16-17","MOSP","MAIK01_1611-1707_MOSP","2016-11-30","2017-07-28",0.657084188911704,5,5487.76293311011,5,50000,1e-04,0.000911118075059835,0.00138660782048169
"180","MHI","MAI","MAI_LAHAINA","MAI_SIO_K01","16-17","POSP","MAIK01_1611-1707_POSP","2016-11-30","2017-07-28",0.657084188911704,8,5670.28929967303,5,50000,0.00016,0.00141086275800096,0.00214715675983271
"181","MHI","MAI","MAI_LAHAINA","MAI_SIO_K01","16-17","POSP","MAIK01_1611-1707_POSP","2016-11-30","2017-07-28",0.657084188911704,8,5670.28929967303,5,50000,0.00016,0.00141086275800096,0.00214715675983271
"182","MHI","MAI","MAI_LAHAINA","MAI_SIO_K01","16-17","POSP","MAIK01_1611-1707_POSP","2016-11-30","2017-07-28",0.657084188911704,8,5670.28929967303,5,50000,0.00016,0.00141086275800096,0.00214715675983271
"183","MHI","MAI","MAI_LAHAINA","MAI_SIO_K01","16-17","POSP","MAIK01_1611-1707_POSP","2016-11-30","2017-07-28",0.657084188911704,8,5670.28929967303,5,50000,0.00016,0.00141086275800096,0.00214715675983271
"184","MHI","MAI","MAI_LAHAINA","MAI_SIO_K01","16-17","POSP","MAIK01_1611-1707_POSP","2016-11-30","2017-07-28",0.657084188911704,8,5670.28929967303,5,50000,0.00016,0.00141086275800096,0.00214715675983271
"185","MHI","MAI","MAI_LAHAINA","MAI_SIO_K01","16-17","POSP","MAIK01_1611-1707_POSP","2016-11-30","2017-07-28",0.657084188911704,8,5670.28929967303,5,50000,0.00016,0.00141086275800096,0.00214715675983271
"186","MHI","MAI","MAI_LAHAINA","MAI_SIO_K01","16-17","POSP","MAIK01_1611-1707_POSP","2016-11-30","2017-07-28",0.657084188911704,8,5670.28929967303,5,50000,0.00016,0.00141086275800096,0.00214715675983271
"187","MHI","MAI","MAI_LAHAINA","MAI_SIO_K01","17-18","MOSP","MAIK01_1707-1809_MOSP","2017-07-28","2018-09-14",1.13073237508556,7,4390.65587190995,5,50000,0.00014,0.0015942948398174,0.00140996656233246
"188","MHI","MAI","MAI_LAHAINA","MAI_SIO_K01","17-18","MOSP","MAIK01_1707-1809_MOSP","2017-07-28","2018-09-14",1.13073237508556,7,4390.65587190995,5,50000,0.00014,0.0015942948398174,0.00140996656233246
"189","MHI","MAI","MAI_LAHAINA","MAI_SIO_K01","17-18","MOSP","MAIK01_1707-1809_MOSP","2017-07-28","2018-09-14",1.13073237508556,7,4390.65587190995,5,50000,0.00014,0.0015942948398174,0.00140996656233246
"190","MHI","MAI","MAI_LAHAINA","MAI_SIO_K01","17-18","MOSP","MAIK01_1707-1809_MOSP","2017-07-28","2018-09-14",1.13073237508556,7,4390.65587190995,5,50000,0.00014,0.0015942948398174,0.00140996656233246
"191","MHI","MAI","MAI_LAHAINA","MAI_SIO_K01","17-18","MOSP","MAIK01_1707-1809_MOSP","2017-07-28","2018-09-14",1.13073237508556,7,4390.65587190995,5,50000,0.00014,0.0015942948398174,0.00140996656233246
"192","MHI","MAI","MAI_LAHAINA","MAI_SIO_K01","17-18","MOSP","MAIK01_1707-1809_MOSP","2017-07-28","2018-09-14",1.13073237508556,7,4390.65587190995,5,50000,0.00014,0.0015942948398174,0.00140996656233246
"193","MHI","MAI","MAI_LAHAINA","MAI_SIO_K01","17-18","MOSP","MAIK01_1707-1809_MOSP","2017-07-28","2018-09-14",1.13073237508556,7,4390.65587190995,5,50000,0.00014,0.0015942948398174,0.00140996656233246
"194","MHI","MAI","MAI_LAHAINA","MAI_SIO_K01","17-18","POSP","MAIK01_1707-1809_POSP","2017-07-28","2018-09-14",1.13073237508556,4,6136.92278481425,5,50000,8e-05,0.000651792460204642,0.000576433888837155
"195","MHI","MAI","MAI_LAHAINA","MAI_SIO_K01","17-18","POSP","MAIK01_1707-1809_POSP","2017-07-28","2018-09-14",1.13073237508556,4,6136.92278481425,5,50000,8e-05,0.000651792460204642,0.000576433888837155
"196","MHI","MAI","MAI_LAHAINA","MAI_SIO_K01","17-18","POSP","MAIK01_1707-1809_POSP","2017-07-28","2018-09-14",1.13073237508556,4,6136.92278481425,5,50000,8e-05,0.000651792460204642,0.000576433888837155
"197","MHI","MAI","MAI_LAHAINA","MAI_SIO_K01","17-18","POSP","MAIK01_1707-1809_POSP","2017-07-28","2018-09-14",1.13073237508556,4,6136.92278481425,5,50000,8e-05,0.000651792460204642,0.000576433888837155
"198","MHI","MAI","MAI_LAHAINA","MAI_SIO_K01","17-18","POSP","MAIK01_1707-1809_POSP","2017-07-28","2018-09-14",1.13073237508556,4,6136.92278481425,5,50000,8e-05,0.000651792460204642,0.000576433888837155
"199","MHI","MAI","MAI_LAHAINA","MAI_SIO_K01","17-18","POSP","MAIK01_1707-1809_POSP","2017-07-28","2018-09-14",1.13073237508556,4,6136.92278481425,5,50000,8e-05,0.000651792460204642,0.000576433888837155
"200","MHI","MAI","MAI_LAHAINA","MAI_SIO_K01","17-18","POSP","MAIK01_1707-1809_POSP","2017-07-28","2018-09-14",1.13073237508556,4,6136.92278481425,5,50000,8e-05,0.000651792460204642,0.000576433888837155
"201","MHI","MAI","MAI_LAHAINA","MAI_SIO_K02","14-15","MOSP","MAIK02_1407-1507_MOSP","2014-07-21","2015-07-11",0.971937029431896,4,5278.79499055492,5,50000,8e-05,0.000757748692108141,0.000779627351528165
"202","MHI","MAI","MAI_LAHAINA","MAI_SIO_K02","14-15","MOSP","MAIK02_1407-1507_MOSP","2014-07-21","2015-07-11",0.971937029431896,4,5278.79499055492,5,50000,8e-05,0.000757748692108141,0.000779627351528165
"203","MHI","MAI","MAI_LAHAINA","MAI_SIO_K02","14-15","MOSP","MAIK02_1407-1507_MOSP","2014-07-21","2015-07-11",0.971937029431896,4,5278.79499055492,5,50000,8e-05,0.000757748692108141,0.000779627351528165
"204","MHI","MAI","MAI_LAHAINA","MAI_SIO_K02","14-15","MOSP","MAIK02_1407-1507_MOSP","2014-07-21","2015-07-11",0.971937029431896,4,5278.79499055492,5,50000,8e-05,0.000757748692108141,0.000779627351528165
"205","MHI","MAI","MAI_LAHAINA","MAI_SIO_K02","14-15","MOSP","MAIK02_1407-1507_MOSP","2014-07-21","2015-07-11",0.971937029431896,4,5278.79499055492,5,50000,8e-05,0.000757748692108141,0.000779627351528165
"206","MHI","MAI","MAI_LAHAINA","MAI_SIO_K02","14-15","POSP","MAIK02_1407-1507_POSP","2014-07-21","2015-07-11",0.971937029431896,74,9335.56240581761,5,50000,0.00148,0.00792667830637452,0.00815554718705153
"207","MHI","MAI","MAI_LAHAINA","MAI_SIO_K02","14-15","POSP","MAIK02_1407-1507_POSP","2014-07-21","2015-07-11",0.971937029431896,74,9335.56240581761,5,50000,0.00148,0.00792667830637452,0.00815554718705153
"208","MHI","MAI","MAI_LAHAINA","MAI_SIO_K02","14-15","POSP","MAIK02_1407-1507_POSP","2014-07-21","2015-07-11",0.971937029431896,74,9335.56240581761,5,50000,0.00148,0.00792667830637452,0.00815554718705153
"209","MHI","MAI","MAI_LAHAINA","MAI_SIO_K02","14-15","POSP","MAIK02_1407-1507_POSP","2014-07-21","2015-07-11",0.971937029431896,74,9335.56240581761,5,50000,0.00148,0.00792667830637452,0.00815554718705153
"210","MHI","MAI","MAI_LAHAINA","MAI_SIO_K02","14-15","POSP","MAIK02_1407-1507_POSP","2014-07-21","2015-07-11",0.971937029431896,74,9335.56240581761,5,50000,0.00148,0.00792667830637452,0.00815554718705153
"211","MHI","MAI","MAI_LAHAINA","MAI_SIO_K02","15-16","MOSP","MAIK02_1507-1607_MOSP","2015-07-11","2016-07-04",0.982888432580424,15,4169.86202998574,5,50000,3e-04,0.0035972413216874,0.00365986738926552
"212","MHI","MAI","MAI_LAHAINA","MAI_SIO_K02","15-16","MOSP","MAIK02_1507-1607_MOSP","2015-07-11","2016-07-04",0.982888432580424,15,4169.86202998574,5,50000,3e-04,0.0035972413216874,0.00365986738926552
"213","MHI","MAI","MAI_LAHAINA","MAI_SIO_K02","15-16","MOSP","MAIK02_1507-1607_MOSP","2015-07-11","2016-07-04",0.982888432580424,15,4169.86202998574,5,50000,3e-04,0.0035972413216874,0.00365986738926552
"214","MHI","MAI","MAI_LAHAINA","MAI_SIO_K02","15-16","MOSP","MAIK02_1507-1607_MOSP","2015-07-11","2016-07-04",0.982888432580424,15,4169.86202998574,5,50000,3e-04,0.0035972413216874,0.00365986738926552
"215","MHI","MAI","MAI_LAHAINA","MAI_SIO_K02","15-16","MOSP","MAIK02_1507-1607_MOSP","2015-07-11","2016-07-04",0.982888432580424,15,4169.86202998574,5,50000,3e-04,0.0035972413216874,0.00365986738926552
"216","MHI","MAI","MAI_LAHAINA","MAI_SIO_K02","15-16","POSP","MAIK02_1507-1607_POSP","2015-07-11","2016-07-04",0.982888432580424,22,11087.2836642434,5,50000,0.00044,0.00198425517613031,0.00201880000858383
"217","MHI","MAI","MAI_LAHAINA","MAI_SIO_K02","15-16","POSP","MAIK02_1507-1607_POSP","2015-07-11","2016-07-04",0.982888432580424,22,11087.2836642434,5,50000,0.00044,0.00198425517613031,0.00201880000858383
"218","MHI","MAI","MAI_LAHAINA","MAI_SIO_K02","15-16","POSP","MAIK02_1507-1607_POSP","2015-07-11","2016-07-04",0.982888432580424,22,11087.2836642434,5,50000,0.00044,0.00198425517613031,0.00201880000858383
"219","MHI","MAI","MAI_LAHAINA","MAI_SIO_K02","15-16","POSP","MAIK02_1507-1607_POSP","2015-07-11","2016-07-04",0.982888432580424,22,11087.2836642434,5,50000,0.00044,0.00198425517613031,0.00201880000858383
"220","MHI","MAI","MAI_LAHAINA","MAI_SIO_K02","15-16","POSP","MAIK02_1507-1607_POSP","2015-07-11","2016-07-04",0.982888432580424,22,11087.2836642434,5,50000,0.00044,0.00198425517613031,0.00201880000858383
"221","MHI","MAI","MAI_LAHAINA","MAI_SIO_K02","16-17","MOSP","MAIK02_1607-1708_MOSP","2016-07-04","2017-08-02",1.07871321013005,16,4764.60999087222,5,50000,0.00032,0.00335809227421592,0.00311305381512021
"222","MHI","MAI","MAI_LAHAINA","MAI_SIO_K02","16-17","MOSP","MAIK02_1607-1708_MOSP","2016-07-04","2017-08-02",1.07871321013005,16,4764.60999087222,5,50000,0.00032,0.00335809227421592,0.00311305381512021
"223","MHI","MAI","MAI_LAHAINA","MAI_SIO_K02","16-17","MOSP","MAIK02_1607-1708_MOSP","2016-07-04","2017-08-02",1.07871321013005,16,4764.60999087222,5,50000,0.00032,0.00335809227421592,0.00311305381512021
"224","MHI","MAI","MAI_LAHAINA","MAI_SIO_K02","16-17","MOSP","MAIK02_1607-1708_MOSP","2016-07-04","2017-08-02",1.07871321013005,16,4764.60999087222,5,50000,0.00032,0.00335809227421592,0.00311305381512021
"225","MHI","MAI","MAI_LAHAINA","MAI_SIO_K02","16-17","MOSP","MAIK02_1607-1708_MOSP","2016-07-04","2017-08-02",1.07871321013005,16,4764.60999087222,5,50000,0.00032,0.00335809227421592,0.00311305381512021
"226","MHI","MAI","MAI_LAHAINA","MAI_SIO_K02","16-17","POCS","MAIK02_1607-1708_POCS","2016-07-04","2017-08-02",1.07871321013005,2,127.05972755223,5,50000,4e-05,0.0157406287462553,0.0145920422577912
"227","MHI","MAI","MAI_LAHAINA","MAI_SIO_K02","16-17","POCS","MAIK02_1607-1708_POCS","2016-07-04","2017-08-02",1.07871321013005,2,127.05972755223,5,50000,4e-05,0.0157406287462553,0.0145920422577912
"228","MHI","MAI","MAI_LAHAINA","MAI_SIO_K02","16-17","POCS","MAIK02_1607-1708_POCS","2016-07-04","2017-08-02",1.07871321013005,2,127.05972755223,5,50000,4e-05,0.0157406287462553,0.0145920422577912
"229","MHI","MAI","MAI_LAHAINA","MAI_SIO_K02","16-17","POCS","MAIK02_1607-1708_POCS","2016-07-04","2017-08-02",1.07871321013005,2,127.05972755223,5,50000,4e-05,0.0157406287462553,0.0145920422577912
"230","MHI","MAI","MAI_LAHAINA","MAI_SIO_K02","16-17","POCS","MAIK02_1607-1708_POCS","2016-07-04","2017-08-02",1.07871321013005,2,127.05972755223,5,50000,4e-05,0.0157406287462553,0.0145920422577912
"231","MHI","MAI","MAI_LAHAINA","MAI_SIO_K02","16-17","POSP","MAIK02_1607-1708_POSP","2016-07-04","2017-08-02",1.07871321013005,46,8295.74011158753,5,50000,0.00092,0.0055450145955931,0.00514039741380806
"232","MHI","MAI","MAI_LAHAINA","MAI_SIO_K02","16-17","POSP","MAIK02_1607-1708_POSP","2016-07-04","2017-08-02",1.07871321013005,46,8295.74011158753,5,50000,0.00092,0.0055450145955931,0.00514039741380806
"233","MHI","MAI","MAI_LAHAINA","MAI_SIO_K02","16-17","POSP","MAIK02_1607-1708_POSP","2016-07-04","2017-08-02",1.07871321013005,46,8295.74011158753,5,50000,0.00092,0.0055450145955931,0.00514039741380806
"234","MHI","MAI","MAI_LAHAINA","MAI_SIO_K02","16-17","POSP","MAIK02_1607-1708_POSP","2016-07-04","2017-08-02",1.07871321013005,46,8295.74011158753,5,50000,0.00092,0.0055450145955931,0.00514039741380806
"235","MHI","MAI","MAI_LAHAINA","MAI_SIO_K02","16-17","POSP","MAIK02_1607-1708_POSP","2016-07-04","2017-08-02",1.07871321013005,46,8295.74011158753,5,50000,0.00092,0.0055450145955931,0.00514039741380806
"236","MHI","MAI","MAI_LAHAINA","MAI_SIO_K02","17-18","MOSP","MAIK02_1708-1809_MOSP","2017-08-02","2018-09-14",1.1170431211499,28,3274.07650733722,5,50000,0.00056,0.00855202984330142,0.00765595318692607
"237","MHI","MAI","MAI_LAHAINA","MAI_SIO_K02","17-18","MOSP","MAIK02_1708-1809_MOSP","2017-08-02","2018-09-14",1.1170431211499,28,3274.07650733722,5,50000,0.00056,0.00855202984330142,0.00765595318692607
"238","MHI","MAI","MAI_LAHAINA","MAI_SIO_K02","17-18","MOSP","MAIK02_1708-1809_MOSP","2017-08-02","2018-09-14",1.1170431211499,28,3274.07650733722,5,50000,0.00056,0.00855202984330142,0.00765595318692607
"239","MHI","MAI","MAI_LAHAINA","MAI_SIO_K02","17-18","MOSP","MAIK02_1708-1809_MOSP","2017-08-02","2018-09-14",1.1170431211499,28,3274.07650733722,5,50000,0.00056,0.00855202984330142,0.00765595318692607
"240","MHI","MAI","MAI_LAHAINA","MAI_SIO_K02","17-18","MOSP","MAIK02_1708-1809_MOSP","2017-08-02","2018-09-14",1.1170431211499,28,3274.07650733722,5,50000,0.00056,0.00855202984330142,0.00765595318692607
"241","MHI","MAI","MAI_LAHAINA","MAI_SIO_K02","17-18","POCS","MAIK02_1708-1809_POCS","2017-08-02","2018-09-14",1.1170431211499,2,102.63656648839,5,50000,4e-05,0.0194862325234373,0.0174444765421212
"242","MHI","MAI","MAI_LAHAINA","MAI_SIO_K02","17-18","POCS","MAIK02_1708-1809_POCS","2017-08-02","2018-09-14",1.1170431211499,2,102.63656648839,5,50000,4e-05,0.0194862325234373,0.0174444765421212
"243","MHI","MAI","MAI_LAHAINA","MAI_SIO_K02","17-18","POCS","MAIK02_1708-1809_POCS","2017-08-02","2018-09-14",1.1170431211499,2,102.63656648839,5,50000,4e-05,0.0194862325234373,0.0174444765421212
"244","MHI","MAI","MAI_LAHAINA","MAI_SIO_K02","17-18","POCS","MAIK02_1708-1809_POCS","2017-08-02","2018-09-14",1.1170431211499,2,102.63656648839,5,50000,4e-05,0.0194862325234373,0.0174444765421212
"245","MHI","MAI","MAI_LAHAINA","MAI_SIO_K02","17-18","POCS","MAIK02_1708-1809_POCS","2017-08-02","2018-09-14",1.1170431211499,2,102.63656648839,5,50000,4e-05,0.0194862325234373,0.0174444765421212
"246","MHI","MAI","MAI_LAHAINA","MAI_SIO_K02","17-18","POSP","MAIK02_1708-1809_POSP","2017-08-02","2018-09-14",1.1170431211499,76,8934.81142096615,5,50000,0.00152,0.00850605529532059,0.00761479582503882
"247","MHI","MAI","MAI_LAHAINA","MAI_SIO_K02","17-18","POSP","MAIK02_1708-1809_POSP","2017-08-02","2018-09-14",1.1170431211499,76,8934.81142096615,5,50000,0.00152,0.00850605529532059,0.00761479582503882
"248","MHI","MAI","MAI_LAHAINA","MAI_SIO_K02","17-18","POSP","MAIK02_1708-1809_POSP","2017-08-02","2018-09-14",1.1170431211499,76,8934.81142096615,5,50000,0.00152,0.00850605529532059,0.00761479582503882
"249","MHI","MAI","MAI_LAHAINA","MAI_SIO_K02","17-18","POSP","MAIK02_1708-1809_POSP","2017-08-02","2018-09-14",1.1170431211499,76,8934.81142096615,5,50000,0.00152,0.00850605529532059,0.00761479582503882
"250","MHI","MAI","MAI_LAHAINA","MAI_SIO_K02","17-18","POSP","MAIK02_1708-1809_POSP","2017-08-02","2018-09-14",1.1170431211499,76,8934.81142096615,5,50000,0.00152,0.00850605529532059,0.00761479582503882
"251","MHI","MAI","MAI_NE","MAI_OCC_002","16-19","POCS","MAI002_1612-1904_POCS","2016-12-19","2019-04-27",2.35181382614648,29,6048,12.5,125000,0.000232,0.00479497354497354,0.00203884061385516
"252","MHI","MAI","MAI_NE","MAI_OCC_002","16-19","POCS","MAI002_1612-1904_POCS","2016-12-19","2019-04-27",2.35181382614648,29,6048,12.5,125000,0.000232,0.00479497354497354,0.00203884061385516
"253","MHI","MAI","MAI_NE","MAI_OCC_002","16-19","POSP","MAI002_1612-1904_POSP","2016-12-19","2019-04-27",2.35181382614648,15,829,6.5,65000,0.000230769230769231,0.0180940892641737,0.00769367416034858
"254","MHI","MAI","MAI_NE","MAI_OCC_002","16-19","POSP","MAI002_1612-1904_POSP","2016-12-19","2019-04-27",2.35181382614648,15,829,1.5,15000,0.001,0.0180940892641737,0.00769367416034858
"255","MHI","OAH","OAH_NE","OAH_OCC_005","16-18","MOSP","OAH005_1608-1810_MOSP","2016-08-01","2018-10-04",2.17385352498289,3,472.7881031315,0,0,Inf,0.00634533733004189,0.00291893508790655
"256","MHI","OAH","OAH_NE","OAH_OCC_005","16-18","MOSP","OAH005_1608-1810_MOSP","2016-08-01","2018-10-04",2.17385352498289,3,472.7881031315,0,0,Inf,0.00634533733004189,0.00291893508790655
"257","MHI","OAH","OAH_NE","OAH_OCC_005","16-18","POSP","OAH005_1608-1810_POSP","2016-08-01","2018-10-04",2.17385352498289,14,13251.4366042097,3,30000,0.000466666666666667,0.00105648922589664,0.000485998349822102
"258","MHI","OAH","OAH_NE","OAH_OCC_005","16-18","POSP","OAH005_1608-1810_POSP","2016-08-01","2018-10-04",2.17385352498289,14,13251.4366042097,3,30000,0.000466666666666667,0.00105648922589664,0.000485998349822102
"259","MHI","OAH","OAH_SOUTH","OAH_OCC_010","17-19","POCS","OAH010_1703-1905_POCS","2017-03-07","2019-05-07",2.16563997262149,5,10120.2481753702,17.5,175000,2.85714285714286e-05,0.000494059030308029,0.000228135348697861
"260","MHI","OAH","OAH_SOUTH","OAH_OCC_010","17-19","POCS","OAH010_1703-1905_POCS","2017-03-07","2019-05-07",2.16563997262149,5,10120.2481753702,17.5,175000,2.85714285714286e-05,0.000494059030308029,0.000228135348697861
"261","MHI","OAH","OAH_SOUTH","OAH_OCC_010","17-19","POSP","OAH010_1703-1905_POSP","2017-03-07","2019-05-07",2.16563997262149,23,4602.40820224236,13,130000,0.000176923076923077,0.00499738375852756,0.00230757827787888
"262","MHI","OAH","OAH_SOUTH","OAH_OCC_010","17-19","POSP","OAH010_1703-1905_POSP","2017-03-07","2019-05-07",2.16563997262149,23,4602.40820224236,13,130000,0.000176923076923077,0.00499738375852756,0.00230757827787888
"263","NWHI","FFS","French Frigate","FFS_OCC_002","13-16","MOSP","FFS002_1309-1609_MOSP","2013-09-06","2016-09-25",3.05270362765229,19,374.13460064399,6.5,65000,0.000292307692307692,0.0507838621910288,0.0166357001482272
"264","NWHI","FFS","French Frigate","FFS_OCC_002","13-16","MOSP","FFS002_1309-1609_MOSP","2013-09-06","2016-09-25",3.05270362765229,19,374.13460064399,10.5,105000,0.000180952380952381,0.0507838621910288,0.0166357001482272
"265","NWHI","FFS","French Frigate","FFS_OCC_002","13-16","MOSP","FFS002_1309-1609_MOSP","2013-09-06","2016-09-25",3.05270362765229,19,374.13460064399,7.5,75000,0.000253333333333333,0.0507838621910288,0.0166357001482272
"266","NWHI","FFS","French Frigate","FFS_OCC_002","13-16","POCS","FFS002_1309-1609_POCS","2013-09-06","2016-09-25",3.05270362765229,2,54.85855054998,6.5,65000,3.07692307692308e-05,0.0364573977975933,0.0119426587852654
"267","NWHI","FFS","French Frigate","FFS_OCC_002","13-16","POCS","FFS002_1309-1609_POCS","2013-09-06","2016-09-25",3.05270362765229,2,54.85855054998,10.5,105000,1.9047619047619e-05,0.0364573977975933,0.0119426587852654
"268","NWHI","FFS","French Frigate","FFS_OCC_002","13-16","POCS","FFS002_1309-1609_POCS","2013-09-06","2016-09-25",3.05270362765229,2,54.85855054998,7.5,75000,2.66666666666667e-05,0.0364573977975933,0.0119426587852654
"269","NWHI","FFS","French Frigate","FFS_OCC_002","13-16","POSP","FFS002_1309-1609_POSP","2013-09-06","2016-09-25",3.05270362765229,60,1210.69294965771,6.5,65000,0.000923076923076923,0.0495583954767089,0.0162342636303748
"270","NWHI","FFS","French Frigate","FFS_OCC_002","13-16","POSP","FFS002_1309-1609_POSP","2013-09-06","2016-09-25",3.05270362765229,60,1210.69294965771,10.5,105000,0.000571428571428571,0.0495583954767089,0.0162342636303748
"271","NWHI","FFS","French Frigate","FFS_OCC_002","13-16","POSP","FFS002_1309-1609_POSP","2013-09-06","2016-09-25",3.05270362765229,60,1210.69294965771,7.5,75000,8e-04,0.0495583954767089,0.0162342636303748
"272","NWHI","FFS","French Frigate","FFS_OCC_002","16-19","MOSP","FFS002_1609-1908_MOSP","2016-09-25","2019-08-28",2.92128678986995,22,289.15974967999,6.5,65000,0.000338461538461538,0.0760825115679038,0.0260441774603345
"273","NWHI","FFS","French Frigate","FFS_OCC_002","16-19","MOSP","FFS002_1609-1908_MOSP","2016-09-25","2019-08-28",2.92128678986995,22,289.15974967999,10.5,105000,0.00020952380952381,0.0760825115679038,0.0260441774603345
"274","NWHI","FFS","French Frigate","FFS_OCC_002","16-19","MOSP","FFS002_1609-1908_MOSP","2016-09-25","2019-08-28",2.92128678986995,22,289.15974967999,7.5,75000,0.000293333333333333,0.0760825115679038,0.0260441774603345
"275","NWHI","FFS","French Frigate","FFS_OCC_002","16-19","POCS","FFS002_1609-1908_POCS","2016-09-25","2019-08-28",2.92128678986995,3,100.61075007807,6.5,65000,4.61538461538462e-05,0.0298178872304611,0.010207107133014
"276","NWHI","FFS","French Frigate","FFS_OCC_002","16-19","POCS","FFS002_1609-1908_POCS","2016-09-25","2019-08-28",2.92128678986995,3,100.61075007807,10.5,105000,2.85714285714286e-05,0.0298178872304611,0.010207107133014
"277","NWHI","FFS","French Frigate","FFS_OCC_002","16-19","POCS","FFS002_1609-1908_POCS","2016-09-25","2019-08-28",2.92128678986995,3,100.61075007807,7.5,75000,4e-05,0.0298178872304611,0.010207107133014
"278","NWHI","FFS","French Frigate","FFS_OCC_002","16-19","POSP","FFS002_1609-1908_POSP","2016-09-25","2019-08-28",2.92128678986995,80,730.58804938419,6.5,65000,0.00123076923076923,0.109500833017227,0.0374837668786713
"279","NWHI","FFS","French Frigate","FFS_OCC_002","16-19","POSP","FFS002_1609-1908_POSP","2016-09-25","2019-08-28",2.92128678986995,80,730.58804938419,10.5,105000,0.000761904761904762,0.109500833017227,0.0374837668786713
"280","NWHI","FFS","French Frigate","FFS_OCC_002","16-19","POSP","FFS002_1609-1908_POSP","2016-09-25","2019-08-28",2.92128678986995,80,730.58804938419,7.5,75000,0.00106666666666667,0.109500833017227,0.0374837668786713
"281","NWHI","FFS","French Frigate","FFS_OCC_014","13-16","MOSP","FFS014_1309-1609_MOSP","2013-09-06","2016-09-02",2.98973305954825,3,214.97484938892,4,40000,7.5e-05,0.0139551208363569,0.00466768121380894
"282","NWHI","FFS","French Frigate","FFS_OCC_014","13-16","MOSP","FFS014_1309-1609_MOSP","2013-09-06","2016-09-02",2.98973305954825,3,214.97484938892,7,70000,4.28571428571429e-05,0.0139551208363569,0.00466768121380894
"283","NWHI","FFS","French Frigate","FFS_OCC_014","13-16","MOSP","FFS014_1309-1609_MOSP","2013-09-06","2016-09-02",2.98973305954825,3,214.97484938892,3.5,35000,8.57142857142857e-05,0.0139551208363569,0.00466768121380894
"284","NWHI","FFS","French Frigate","FFS_OCC_014","13-16","POSP","FFS014_1309-1609_POSP","2013-09-06","2016-09-02",2.98973305954825,17,66403.5085447513,4,40000,0.000425,0.000256010568907563,8.562990869367e-05
"285","NWHI","FFS","French Frigate","FFS_OCC_014","13-16","POSP","FFS014_1309-1609_POSP","2013-09-06","2016-09-02",2.98973305954825,17,66403.5085447513,7,70000,0.000242857142857143,0.000256010568907563,8.562990869367e-05
"286","NWHI","FFS","French Frigate","FFS_OCC_014","13-16","POSP","FFS014_1309-1609_POSP","2013-09-06","2016-09-02",2.98973305954825,17,66403.5085447513,3.5,35000,0.000485714285714286,0.000256010568907563,8.562990869367e-05
"287","NWHI","FFS","French Frigate","FFS_OCC_014","16-19","MOSP","FFS014_1609-1908_MOSP","2016-09-02","2019-08-27",2.98151950718686,10,834.99385017544,4,40000,0.00025,0.0119761361091449,0.00401678945258509
"288","NWHI","FFS","French Frigate","FFS_OCC_014","16-19","MOSP","FFS014_1609-1908_MOSP","2016-09-02","2019-08-27",2.98151950718686,10,834.99385017544,7,70000,0.000142857142857143,0.0119761361091449,0.00401678945258509
"289","NWHI","FFS","French Frigate","FFS_OCC_014","16-19","MOSP","FFS014_1609-1908_MOSP","2016-09-02","2019-08-27",2.98151950718686,10,834.99385017544,3.5,35000,0.000285714285714286,0.0119761361091449,0.00401678945258509
"290","NWHI","FFS","French Frigate","FFS_OCC_014","16-19","POSP","FFS014_1609-1908_POSP","2016-09-02","2019-08-27",2.98151950718686,21,28671.9219521061,4,40000,0.000525,0.000732423868726995,0.000245654562031712
"291","NWHI","FFS","French Frigate","FFS_OCC_014","16-19","POSP","FFS014_1609-1908_POSP","2016-09-02","2019-08-27",2.98151950718686,21,28671.9219521061,7,70000,3e-04,0.000732423868726995,0.000245654562031712
"292","NWHI","FFS","French Frigate","FFS_OCC_014","16-19","POSP","FFS014_1609-1908_POSP","2016-09-02","2019-08-27",2.98151950718686,21,28671.9219521061,3.5,35000,6e-04,0.000732423868726995,0.000245654562031712
"293","NWHI","KUR","Kure","KUR_OCC_010","16-19","POCS","KUR010_1609-1909_POCS","2016-09-12","2019-09-02",2.97056810403833,1,4347.18459882716,7,70000,1.42857142857143e-05,0.000230033939729588,7.74376926140387e-05
"294","NWHI","KUR","Kure","KUR_OCC_010","16-19","POCS","KUR010_1609-1909_POCS","2016-09-12","2019-09-02",2.97056810403833,1,4347.18459882716,7,70000,1.42857142857143e-05,0.000230033939729588,7.74376926140387e-05
"295","NWHI","KUR","Kure","KUR_OCC_010","16-19","POSP","KUR010_1609-1909_POSP","2016-09-12","2019-09-02",2.97056810403833,13,567.79085030459,10,1e+05,0.00013,0.0228957546480824,0.0077075339955872
"296","NWHI","KUR","Kure","KUR_OCC_010","16-19","POSP","KUR010_1609-1909_POSP","2016-09-12","2019-09-02",2.97056810403833,13,567.79085030459,10,1e+05,0.00013,0.0228957546480824,0.0077075339955872
"297","NWHI","LIS","Lisianski","LIS_OCC_005","13-16","MOSP","LIS005_1309-1609_MOSP","2013-09-12","2016-09-18",3.01711156741958,24,5490.79277902002,7,70000,0.000342857142857143,0.00437095351543816,0.00144872120827022
"298","NWHI","LIS","Lisianski","LIS_OCC_005","13-16","MOSP","LIS005_1309-1609_MOSP","2013-09-12","2016-09-18",3.01711156741958,24,5490.79277902002,7,70000,0.000342857142857143,0.00437095351543816,0.00144872120827022
"299","NWHI","LIS","Lisianski","LIS_OCC_005","13-16","MOSP","LIS005_1309-1609_MOSP","2013-09-12","2016-09-18",3.01711156741958,24,5490.79277902002,6,60000,4e-04,0.00437095351543816,0.00144872120827022
"300","NWHI","LIS","Lisianski","LIS_OCC_005","13-16","POSP","LIS005_1309-1609_POSP","2013-09-12","2016-09-18",3.01711156741958,7,4467.35817258853,13,130000,5.38461538461538e-05,0.00156692159651573,0.000519344930242621
"301","NWHI","LIS","Lisianski","LIS_OCC_005","13-16","POSP","LIS005_1309-1609_POSP","2013-09-12","2016-09-18",3.01711156741958,7,4467.35817258853,13,130000,5.38461538461538e-05,0.00156692159651573,0.000519344930242621
"302","NWHI","LIS","Lisianski","LIS_OCC_005","13-16","POSP","LIS005_1309-1609_POSP","2013-09-12","2016-09-18",3.01711156741958,7,4467.35817258853,11.5,115000,6.08695652173913e-05,0.00156692159651573,0.000519344930242621
"303","NWHI","LIS","Lisianski","LIS_OCC_005","16-19","MOSP","LIS005_1609-1908_MOSP","2016-09-18","2019-08-30",2.94592744695414,32,3417.80333814218,7,70000,0.000457142857142857,0.00936273882200439,0.00317819735570363
"304","NWHI","LIS","Lisianski","LIS_OCC_005","16-19","MOSP","LIS005_1609-1908_MOSP","2016-09-18","2019-08-30",2.94592744695414,32,3417.80333814218,7,70000,0.000457142857142857,0.00936273882200439,0.00317819735570363
"305","NWHI","LIS","Lisianski","LIS_OCC_005","16-19","MOSP","LIS005_1609-1908_MOSP","2016-09-18","2019-08-30",2.94592744695414,32,3417.80333814218,6,60000,0.000533333333333333,0.00936273882200439,0.00317819735570363
"306","NWHI","LIS","Lisianski","LIS_OCC_005","16-19","POSP","LIS005_1609-1908_POSP","2016-09-18","2019-08-30",2.94592744695414,14,3523.12112531498,13,130000,0.000107692307692308,0.00397374927004485,0.00134889583725268
"307","NWHI","LIS","Lisianski","LIS_OCC_005","16-19","POSP","LIS005_1609-1908_POSP","2016-09-18","2019-08-30",2.94592744695414,14,3523.12112531498,13,130000,0.000107692307692308,0.00397374927004485,0.00134889583725268
"308","NWHI","LIS","Lisianski","LIS_OCC_005","16-19","POSP","LIS005_1609-1908_POSP","2016-09-18","2019-08-30",2.94592744695414,14,3523.12112531498,11.5,115000,0.000121739130434783,0.00397374927004485,0.00134889583725268
"309","NWHI","PHR","Pearl & Hermes","PHR_OCC_016","16-19","POSP","PHR016_1609-1909_POSP","2016-09-11","2019-09-04",2.97878165639973,10,2859.394734,5.5,55000,0.000181818181818182,0.00349724362330731,0.00117405168512224
"310","NWHI","PHR","Pearl & Hermes","PHR_OCC_016","16-19","POSP","PHR016_1609-1909_POSP","2016-09-11","2019-09-04",2.97878165639973,10,2859.394734,6,60000,0.000166666666666667,0.00349724362330731,0.00117405168512224
"311","NWHI","PHR","Pearl & Hermes","PHR_OCC_016","16-19","POSP","PHR016_1609-1909_POSP","2016-09-11","2019-09-04",2.97878165639973,10,2859.394734,8,80000,0.000125,0.00349724362330731,0.00117405168512224
"312","PRIAs","BAK","Baker","OCC-BAK-003","18_23","ACSP","BAK-003_1806-2303_ACSP","2018-06-14","2023-03-19",4.76112251882272,11,78604.85485,7,70000,0.000157142857142857,0.00013994046577646,2.93923261212489e-05
"313","PRIAs","BAK","Baker","OCC-BAK-003","18_23","POCS","BAK-003_1806-2303_POCS","2018-06-14","2023-03-19",4.76112251882272,43,2537.20675,17,170000,0.000252941176470588,0.0169477714025473,0.00355961673650397
"314","PRIAs","BAK","Baker","OCC-BAK-003","18_23","POSP","BAK-003_1806-2303_POSP","2018-06-14","2023-03-19",4.76112251882272,14,4804.67815,12.5,125000,0.000112,0.00291382680856573,0.000612004164363792
"315","PRIAs","BAK","Baker","OCC-BAK-008","17_18","ACSP","BAK-008_1704-1806_ACSP","2017-04-10","2018-06-15",1.18001368925394,19,17025.243,136.6,1366000,1.3909224011713e-05,0.00111598994504807,0.000945743219092356
"316","PRIAs","BAK","Baker","OCC-BAK-008","17_18","MOSP","BAK-008_1704-1806_MOSP","2017-04-10","2018-06-15",1.18001368925394,8,1885.9486,136.6,1366000,5.85651537335285e-06,0.0042418971545672,0.00359478639374864
"317","PRIAs","BAK","Baker","OCC-BAK-008","17_18","POSP","BAK-008_1704-1806_POSP","2017-04-10","2018-06-15",1.18001368925394,1,1161.586,136.6,1366000,7.32064421669107e-07,0.000860891918463205,0.000729560958744047
"318","PRIAs","BAK","Baker","OCC-BAK-008","18_23","ACSP","BAK-008_1806-2303_ACSP","2018-06-15","2023-03-18",4.75564681724846,55,33336.252,136.6,1366000,4.02635431918009e-05,0.00164985553864904,0.000346925581745285
"319","PRIAs","BAK","Baker","OCC-BAK-008","18_23","MOSP","BAK-008_1806-2303_MOSP","2018-06-15","2023-03-18",4.75564681724846,2,1525.5458,136.6,1366000,1.46412884333821e-06,0.00131100619856841,0.000275673583205015
"320","PRIAs","BAK","Baker","OCC-BAK-008","18_23","POCS","BAK-008_1806-2303_POCS","2018-06-15","2023-03-18",4.75564681724846,3,2826.692,12.5,125000,2.4e-05,0.00106131124296528,0.000223168642195203
"321","PRIAs","BAK","Baker","OCC-BAK-008","18_23","POSP","BAK-008_1806-2303_POSP","2018-06-15","2023-03-18",4.75564681724846,9,851.1094,136.6,1366000,6.58857979502196e-06,0.0105744337919426,0.0022235532196356
"322","PRIAs","HOW","Howland","OCC-HOW-005","17_18","ACSP","HOW-005_1704-1806_ACSP","2017-04-11","2018-06-08",1.15811088295688,1,120.2908,12,120000,8.33333333333333e-06,0.00831318770845318,0.00717823123052606
"323","PRIAs","HOW","Howland","OCC-HOW-005","17_18","MOSP","HOW-005_1704-1806_MOSP","2017-04-11","2018-06-08",1.15811088295688,16,3794.4988,12,120000,0.000133333333333333,0.00421663066542543,0.00364095591145777
"324","PRIAs","HOW","Howland","OCC-HOW-005","17_18","POSP","HOW-005_1704-1806_POSP","2017-04-11","2018-06-08",1.15811088295688,5,6913.4642,12,120000,4.16666666666667e-05,0.00072322642532813,0.000624488065841842
"325","PRIAs","HOW","Howland","OCC-HOW-005","18_23","ACSP","HOW-005_1806-2303_ACSP","2018-06-08","2023-03-16",4.76933607118412,7,566.121,12,120000,5.83333333333333e-05,0.0123648477975556,0.00259257213436119
"326","PRIAs","HOW","Howland","OCC-HOW-005","18_23","MOSP","HOW-005_1806-2303_MOSP","2018-06-08","2023-03-16",4.76933607118412,144,11229.8068,12,120000,0.0012,0.012823016688052,0.00268863768387543
"327","PRIAs","HOW","Howland","OCC-HOW-005","18_23","POCS","HOW-005_1806-2303_POCS","2018-06-08","2023-03-16",4.76933607118412,27,234.5114,12,120000,0.000225,0.115132995666735,0.0241402564106056
"328","PRIAs","HOW","Howland","OCC-HOW-005","18_23","POSP","HOW-005_1806-2303_POSP","2018-06-08","2023-03-16",4.76933607118412,48,7779.39,12,120000,4e-04,0.00617014958756406,0.00129371247810435
"329","SAMOA","OFU","Ofu & Olosega","OCC-OFU-002","18_23","ACSP","OFU-002_1807-2307_ACSP","2018-07-09","2023-07-29",5.05407255304586,29,2892.6454,25.5,255000,0.000113725490196078,0.0100254251696388,0.00198363301365687
"330","SAMOA","OFU","Ofu & Olosega","OCC-OFU-002","18_23","MOSP","OFU-002_1807-2307_MOSP","2018-07-09","2023-07-29",5.05407255304586,51,6140.7407,5,50000,0.00102,0.00830518702735649,0.00164326628480063
"331","SAMOA","OFU","Ofu & Olosega","OCC-OFU-002","18_23","POCS","OFU-002_1807-2307_POCS","2018-07-09","2023-07-29",5.05407255304586,37,3720.44465,25.5,255000,0.000145098039215686,0.00994504783184988,0.00196772953444375
"332","SAMOA","OFU","Ofu & Olosega","OCC-OFU-002","18_23","POSP","OFU-002_1807-2307_POSP","2018-07-09","2023-07-29",5.05407255304586,7,962.87195,12.5,125000,5.6e-05,0.00726991787433417,0.00143842768342392
"333","SAMOA","OFU","Ofu & Olosega","OCC-OFU-009","18_23","ACSP","OFU-009_1807-2307_ACSP","2018-07-10","2023-07-22",5.0321697467488,40,4263.21145,24.5,245000,0.000163265306122449,0.00938259818194099,0.00186452338735253
"334","SAMOA","OFU","Ofu & Olosega","OCC-OFU-009","18_23","MOSP","OFU-009_1807-2307_MOSP","2018-07-10","2023-07-22",5.0321697467488,25,5592.3297,12.5,125000,2e-04,0.00447040881727699,0.000888366061213505
"335","SAMOA","OFU","Ofu & Olosega","OCC-OFU-009","18_23","POCS","OFU-009_1807-2307_POCS","2018-07-10","2023-07-22",5.0321697467488,57,7799.5156,117.2,1172000,4.86348122866894e-05,0.00730814616230782,0.00145228530238462
"336","SAMOA","OFU","Ofu & Olosega","OCC-OFU-009","18_23","POSP","OFU-009_1807-2307_POSP","2018-07-10","2023-07-22",5.0321697467488,112,768.4007,12.5,125000,0.000896,0.145757285228918,0.0289650970782711
"337","SAMOA","ROS","ROS_SANCTUARY","OCC-ROS-010","18_23","ACSP","ROS-010_1807-2307_ACSP","2018-07-17","2023-07-31",5.03764544832307,1,1616.61015,104.9,1049000,9.53288846520496e-07,0.000618578325763945,0.00012279115950287
"338","SAMOA","ROS","ROS_SANCTUARY","OCC-ROS-010","18_23","MOSP","ROS-010_1807-2307_MOSP","2018-07-17","2023-07-31",5.03764544832307,13,7564.16135,12.5,125000,0.000104,0.00171863071112305,0.000341157536542225
"339","SAMOA","ROS","ROS_SANCTUARY","OCC-ROS-010","18_23","POCS","ROS-010_1807-2307_POCS","2018-07-17","2023-07-31",5.03764544832307,10,5596.36645,12.5,125000,8e-05,0.00178687369552078,0.000354704139830959
"340","SAMOA","ROS","ROS_SANCTUARY","OCC-ROS-010","18_23","POSP","ROS-010_1807-2307_POSP","2018-07-17","2023-07-31",5.03764544832307,12,216.43405,12.5,125000,9.6e-05,0.0554441410674522,0.0110059633287429
"341","SAMOA","TAU","TAU_OPEN","OCC-TAU-002","18_23","ACSP","TAU-002_1807-2308_ACSP","2018-07-12","2023-08-01",5.05407255304586,106,5581.28825,142.3,1423000,7.44905130007027e-05,0.0189920310960467,0.00375776779947511
"342","SAMOA","TAU","TAU_OPEN","OCC-TAU-002","18_23","MOSP","TAU-002_1807-2308_MOSP","2018-07-12","2023-08-01",5.05407255304586,157,15283.6357,12.5,125000,0.001256,0.0102724249047627,0.00203250444012165
"343","SAMOA","TAU","TAU_OPEN","OCC-TAU-002","18_23","POCS","TAU-002_1807-2308_POCS","2018-07-12","2023-08-01",5.05407255304586,33,1694.7344,12.5,125000,0.000264,0.0194720777485841,0.00385274994456681
"344","SAMOA","TAU","TAU_OPEN","OCC-TAU-002","18_23","POSP","TAU-002_1807-2308_POSP","2018-07-12","2023-08-01",5.05407255304586,27,10886.6504,12.5,125000,0.000216,0.00248010168490393,0.000490713510515254
"345","SAMOA","TUT","TUT_FAGATELE","OCC-TUT-017","18_23","ACSP","TUT-017_1807-2307_ACSP","2018-07-06","2023-07-01",4.98562628336756,35,48712.4468,125.1,1251000,2.79776179056755e-05,0.000718502196034218,0.000144114732071114
"346","SAMOA","TUT","TUT_FAGATELE","OCC-TUT-017","18_23","MOSP","TUT-017_1807-2307_MOSP","2018-07-06","2023-07-01",4.98562628336756,29,12983.2618,13,130000,0.000223076923076923,0.00223364516919777,0.000448016967627395
"347","SAMOA","TUT","TUT_FAGATELE","OCC-TUT-017","18_23","POSP","TUT-017_1807-2307_POSP","2018-07-06","2023-07-01",4.98562628336756,2,5.6647,13,130000,1.53846153846154e-05,0.353063710346532,0.0708163208149757
"348","SAMOA","TUT","TUT_NE_OPEN","OCC-TUT-002","18_23","ACSP","TUT-002_1806-2307_ACSP","2018-06-29","2023-07-08",5.02395619438741,47,41866.04395,22,220000,0.000213636363636364,0.00112262816272135,0.000223455006231049
"349","SAMOA","TUT","TUT_NE_OPEN","OCC-TUT-002","18_23","MOSP","TUT-002_1806-2307_MOSP","2018-06-29","2023-07-08",5.02395619438741,67,9824.8438,12.5,125000,0.000536,0.00681944683945001,0.00135738580823385
"350","SAMOA","TUT","TUT_NE_OPEN","OCC-TUT-002","18_23","POCS","TUT-002_1806-2307_POCS","2018-06-29","2023-07-08",5.02395619438741,12,5869.0735,22,220000,5.45454545454545e-05,0.00204461573023408,0.000406973240037056
"351","SAMOA","TUT","TUT_NE_OPEN","OCC-TUT-002","18_23","POSP","TUT-002_1806-2307_POSP","2018-06-29","2023-07-08",5.02395619438741,81,1510.7094,12.5,125000,0.000648,0.0536171946768849,0.0106723053709712
"352","SAMOA","TUT","TUT_NW_OPEN","OCC-TUT-025","18_23","ACSP","TUT-025_1807-2308_ACSP","2018-07-02","2023-08-05",5.09240246406571,18,682.08385,117.3,1173000,1.53452685421995e-05,0.0263897173346063,0.00518217433143277
"353","SAMOA","TUT","TUT_NW_OPEN","OCC-TUT-025","18_23","MOSP","TUT-025_1807-2308_MOSP","2018-07-02","2023-08-05",5.09240246406571,221,3874.6781,117.3,1173000,0.000188405797101449,0.0570369961829861,0.0112004101375461
"354","SAMOA","TUT","TUT_NW_OPEN","OCC-TUT-025","18_23","POCS","TUT-025_1807-2308_POCS","2018-07-02","2023-08-05",5.09240246406571,20,1945.3818,117.3,1173000,1.70502983802217e-05,0.010280758255269,0.00201884244770806
"355","SAMOA","TUT","TUT_NW_OPEN","OCC-TUT-025","18_23","POSP","TUT-025_1807-2308_POSP","2018-07-02","2023-08-05",5.09240246406571,40,8659.1734,117.3,1173000,3.41005967604433e-05,0.00461937856562614,0.000907111839298358
