"","REGION","ISLAND","ANALYSIS_SEC","ANALYSIS_YEAR","Genus","Mean_JuvColDen_cm2","SE_JuvColDen_cm2","N.JCD","N.COVER","P_COVER","SE.P_COVER","meanPropRec","Mean_JuvColDenP","SE_JuvColDenP","N.JCDp","SD_JuvColDenP","SD.P_COVER","MN.RecVal","SE.RecVal","N.RecVal","CI95.RecVal","LOW_CI95.RecVal","HIGH_CI95.RecVal"
"1","CNMI","Asuncion","Asuncion","2014","ACSP",1.46154706013861e-06,1.45313924123026e-06,12,66,0.000791361043628898,0.000252105874686375,0.925102946161571,1.35208149128801e-06,1.3443033932451e-06,12,4.65680355577553e-06,0.00204811780798645,0.00170855199680774,0.00178379388380405,12,0.00349623601225593,-0.00178768401544819,0.00520478800906368
"2","CNMI","Asuncion","Asuncion","2014","MOSP",1.10670970266041e-05,7.03487246304256e-06,12,132,0.015493129551665,0.00156946082544293,0.718503797974586,7.95175124616829e-06,5.05458258296291e-06,12,1.7509587689489e-05,0.0180317320660884,0.000513243707131703,0.000330363536181083,12,0.000647512530914922,-0.000134268823783219,0.00116075623804663
"3","CNMI","Asuncion","Asuncion","2014","POCS",0.000174177006483345,4.8745971939846e-05,12,33,0.0937523499308798,0.0166208026588179,0.945311270912547,0.000164651487362514,4.60801166863232e-05,12,0.000159626206638828,0.0954792421093253,0.00175623851011634,0.000581826292791471,12,0.00114037953387128,0.000615858976245054,0.00289661804398762
"4","CNMI","Asuncion","Asuncion","2014","POSP",3.5601106639839e-05,1.18329315571725e-05,12,165,0.0131121436675437,0.00251838960788746,0.591150042447478,2.1045595701318e-05,6.99503799230063e-06,12,2.42315224070786e-05,0.0323493002370078,0.0016050461491977,0.000616142345669757,12,0.00120763899751272,0.000397407151684978,0.00281268514671042
"5","CNMI","Asuncion","Asuncion","2014","SSSS",0.000456722976749385,6.66853886047041e-05,12,33,0.180368520023742,0.0192491007913643,0.729859572011173,0.000333343636337975,4.86709691864281e-05,12,0.000168601182969025,0.110577665385517,0.00184812536186524,0.000334239046796049,12,0.000655108531720256,0.00119301683014498,0.00250323389358549
"6","CNMI","Maug","Maug","2014","ACSP",3.85881104033971e-06,3.11164519641356e-06,22,118,0.00839377199361106,0.00117250810659341,0.925102946161571,3.56979746209906e-06,2.87859213861169e-06,22,1.35017939330481e-05,0.012736698186077,0.000425291211724148,0.000348051388703072,22,0.000682180721858021,-0.000256889510133873,0.00110747193358217
"7","CNMI","Maug","Maug","2014","MOSP",1.70657209033005e-05,5.69931647832062e-06,22,236,0.0197518291926062,0.00128475569861117,0.718503797974586,1.22617852841957e-05,4.09498053553251e-06,22,1.92071612400319e-05,0.0197367915428744,0.000620792391662931,0.000211217266647768,22,0.000413985842629625,0.000206806549033306,0.00103477823429256
"8","CNMI","Maug","Maug","2014","POCS",0.000167891997201312,4.07865836216943e-05,22,59,0.0834274144098998,0.0107625478812561,0.945311270912547,0.000158710197250418,3.85560171996047e-05,22,0.000180843750709049,0.0826686988943426,0.00190237463755781,0.000523270398577527,22,0.00102560998121195,0.000876764656345853,0.00292798461876976
"9","CNMI","Maug","Maug","2014","POSP",3.86006562439683e-05,1.28835117795342e-05,22,295,0.0240050979307482,0.00264223616596794,0.591150042447478,2.28187795771224e-05,7.61608853534423e-06,22,3.57226216943891e-05,0.0453818964702991,0.000950580565967769,0.000334077084093038,22,0.000654791084822355,0.000295789481145414,0.00160537165079012
"10","CNMI","Maug","Maug","2014","SSSS",0.000743871960046323,9.6686578671013e-05,22,59,0.27979456007601,0.0152931867792392,0.729859572011173,0.000542922070390522,7.05676249280502e-05,22,0.000330991500095835,0.117469196600714,0.00194043111575518,0.000273605621071126,22,0.000536267017299406,0.00140416409845577,0.00247669813305459
"11","CNMI","Pagan","Pagan","2014","ACSP",2.70255736294408e-06,1.90651726811839e-06,19,122,0.000496140528067392,0.00014818812715319,0.925102946161571,2.50014377863022e-06,1.76372474164423e-06,19,7.68789791304959e-06,0.00163679136286783,0.00503918474140579,0.00386038897728121,19,0.00756636239547118,-0.00252717765406539,0.012605547136877
"12","CNMI","Pagan","Pagan","2014","MOSP",1.40007358091146e-05,4.44052794280684e-06,19,244,0.00706867891652263,0.000574792259144372,0.718503797974586,1.00595818532876e-05,3.19053619191899e-06,19,1.3907224836284e-05,0.00897854211139197,0.00142312049706685,0.000465960876496484,19,0.000913283317933109,0.000509837179133739,0.00233640381499996
"13","CNMI","Pagan","Pagan","2014","POCS",3.44297020300987e-05,1.07323102539512e-05,19,61,0.0120517240626978,0.00236453580854985,0.945311270912547,3.25467853832129e-05,1.01453738459904e-05,19,4.42226593391126e-05,0.0184676150323961,0.00270059165094486,0.000994688008792054,19,0.00194958849723243,0.00075100315371243,0.00465018014817728
"14","CNMI","Pagan","Pagan","2014","POSP",9.04085904730426e-05,3.64193623358392e-05,19,305,0.0235796919047849,0.00480456982054554,0.591150042447478,5.34450420957558e-05,2.15293075907414e-05,19,9.38440761124451e-05,0.0839082046283412,0.00226657084034718,0.00102320117866563,19,0.00200547431018464,0.000261096530162536,0.00427204515053182
"15","CNMI","Pagan","Pagan","2014","SSSS",0.000865085398451784,9.52610424595726e-05,19,61,0.112615251565787,0.0127461850714474,0.729859572011173,0.000631390858667134,6.95271836788819e-05,19,0.000303061967485237,0.0995508878233183,0.00560661943998138,0.000885355373266922,19,0.00173529653160317,0.00387132290837821,0.00734191597158454
"16","CNMI","Saipan","Saipan","2014","ACSP",3.4022196430674e-05,6.85765086201134e-06,22,138,0.00803893628597859,0.000981874185254681,0.925102946161571,3.14740341529042e-05,6.34403301619413e-06,22,2.97561524399971e-05,0.0115344100136243,0.00391519885632143,0.000922743436894815,22,0.00180857713631384,0.00210662172000759,0.00572377599263526
"17","CNMI","Saipan","Saipan","2014","MOSP",3.6826371297371e-05,5.58486375092498e-06,22,276,0.0258449759562387,0.00217536589175785,0.718503797974586,2.64598876427833e-05,4.01274581621019e-06,22,1.88214462165178e-05,0.0361398924541076,0.00102379231025735,0.000177572532304114,22,0.000348042163316063,0.000675750146941289,0.00137183447357342
"18","CNMI","Saipan","Saipan","2014","POCS",4.59500260718911e-05,1.46063526546646e-05,22,69,0.0137879769294073,0.00288315008111436,0.945311270912547,4.3437077544484e-05,1.38075497913778e-05,22,6.47631491460254e-05,0.0239492432641587,0.00315035902416115,0.00119866798403236,22,0.00234938924870342,0.00080096977545773,0.00549974827286457
"19","CNMI","Saipan","Saipan","2014","POSP",8.55628265294108e-05,1.96771845429428e-05,22,345,0.0347745745676452,0.00259429556280431,0.591150042447478,5.05804685347874e-05,1.16321684778075e-05,22,5.45597063492296e-05,0.0481869013963256,0.00145452443814649,0.000351662568132795,22,0.000689258633540278,0.000765265804606214,0.00214378307168677
"20","CNMI","Saipan","Saipan","2014","SSSS",0.00121873879329196,0.000198956194056729,22,69,0.139281310984363,0.0101905776471381,0.729859572011173,0.000889508174065484,0.000145210082643216,22,0.000681095660115004,0.0846492954606369,0.00638641442831729,0.00114248942778247,22,0.00223927927845364,0.00414713514986366,0.00862569370677093
"21","CNMI","Asuncion","Asuncion","2017","ACSP",0,0,12,62,0.00022710581662331,0.00011419087559971,0.925102946161571,0,0,12,0,0.000899139853612421,0,NA,12,NA,NA,NA
"22","CNMI","Asuncion","Asuncion","2017","MOSP",1.44514816169746e-05,7.04683375960189e-06,12,124,0.00234144954844275,0.000416807209894751,0.718503797974586,1.03834444281562e-05,5.06317681996949e-06,12,1.75393589997843e-05,0.00464136865884521,0.00443462231977707,0.002301999834678,12,0.00451191967596887,-7.72973561918031e-05,0.00894654199574594
"23","CNMI","Asuncion","Asuncion","2017","POCS",0.000203799692091946,5.15363471244618e-05,12,31,0.00294682231582486,0.000675681990387026,0.945311270912547,0.000192654145943023,4.87178897984152e-05,12,0.000168763720736793,0.00376203810668294,0.0653769129236068,0.0223165894412348,12,0.0437405153048203,0.0216363976187865,0.109117428228427
"24","CNMI","Asuncion","Asuncion","2017","POSP",0.000138862531248095,6.35473747433926e-05,12,155,0.00512125245521515,0.000420865229059326,0.591150042447478,8.20885912416757e-05,3.75660332769824e-05,12,0.000130132556549113,0.00523972984607313,0.0160290069586556,0.00745265934400799,12,0.0146072123142557,0.00142179464439993,0.0306362192729112
"25","CNMI","Asuncion","Asuncion","2017","SSSS",0.000839246273093104,0.000196077907878302,12,31,0.0655826478180182,0.00777036941493274,0.729859572011173,0.000612531925691705,0.000143109337924904,12,0.000495745288646954,0.0432635859144869,0.00933984744549179,0.00244667739840777,12,0.00479548770087923,0.00454435974461256,0.014135335146371
"26","CNMI","Maug","Maug","2017","ACSP",1.7880838641189e-06,1.00001610269005e-06,27,128,0.000797401501676093,0.000185706839112078,0.925102946161571,1.65416165068036e-06,9.25117842807578e-07,27,4.80705332019373e-06,0.00210103304398191,0.00207444009975327,0.00125673616529224,27,0.0024632028839728,-0.00038876278421953,0.00453764298372607
"27","CNMI","Maug","Maug","2017","MOSP",4.90593867385269e-06,2.55100519997629e-06,27,256,0.00281202407015086,0.000367796250700396,0.718503797974586,3.52493556979356e-06,1.83290692483588e-06,27,9.52406375808173e-06,0.00588474001120634,0.00125352254527624,0.000672114346212971,27,0.00131734411857742,-6.3821573301184e-05,0.00257086666385366
"28","CNMI","Maug","Maug","2017","POCS",5.92749673362731e-05,1.51050587248161e-05,27,64,0.00917703435767006,0.00370167782180291,0.945311270912547,5.6033294705952e-05,1.42789822603646e-05,27,7.41957682659784e-05,0.0296134225744233,0.0061058172522935,0.00291318741275619,27,0.00570984732900214,0.000395969923291357,0.0118156645812956
"29","CNMI","Maug","Maug","2017","POSP",3.41705965213131e-05,9.16481616447401e-06,27,320,0.0160814957117731,0.00174452118095206,0.591150042447478,2.01999495840299e-05,5.41778146465215e-06,27,2.81516182832473e-05,0.0312069435903762,0.00125609893172075,0.000363408488015301,27,0.000712280636509991,0.000543818295210755,0.00196837956823074
"30","CNMI","Maug","Maug","2017","SSSS",0.000739351114649682,0.000141692135444867,27,64,0.0727260917883072,0.0078105794354006,0.729859572011173,0.000539622488104201,0.00010341536133314,27,0.000537361980336276,0.0624846354832048,0.00741992969558912,0.00163004807263747,27,0.00319489422236945,0.00422503547321967,0.0106148239179586
"31","CNMI","Pagan","Pagan","2017","ACSP",5.26929826632355e-06,3.05968364659385e-06,19,118,0.0023815417403084,0.000528350307316925,0.925102946161571,4.87464335037998e-06,2.83052235578635e-06,19,1.23379609063054e-05,0.00573935341084193,0.00204684355007304,0.00127231914737214,19,0.00249374552884939,-0.000446901978776341,0.00454058907892243
"32","CNMI","Pagan","Pagan","2017","MOSP",1.39809633984151e-05,5.22881316423553e-06,19,236,0.00622529912512535,0.000533411768841333,0.718503797974586,1.00453753011049e-05,3.75692211740274e-06,19,1.63760438485114e-05,0.00819442708019736,0.00161363736893569,0.00061912859134983,19,0.00121349203904567,0.000400145329890024,0.00282712940798136
"33","CNMI","Pagan","Pagan","2017","POCS",4.89669161335002e-05,1.8134858559603e-05,19,59,0.0078403551726967,0.0023529716494612,0.945311270912547,4.62889777228272e-05,1.71430861927976e-05,19,7.47249802948121e-05,0.0180735181801143,0.00590393887818044,0.00281429533355833,19,0.00551601885377433,0.000387920024406112,0.0114199577319548
"34","CNMI","Pagan","Pagan","2017","POSP",7.40806320875731e-05,1.84791539332839e-05,19,295,0.0149116742249386,0.000761291136078515,0.591150042447478,4.37927688031049e-05,1.09239526320543e-05,19,4.76164055871497e-05,0.0130756046587588,0.00293681099402405,0.00074776305786541,19,0.0014656155934162,0.00147119540060785,0.00440242658744026
"35","CNMI","Pagan","Pagan","2017","SSSS",0.00149866747723714,0.000182378786894424,19,59,0.0940667741941377,0.0102133752695344,0.729859572011173,0.00109381680352336,0.000133110903346681,19,0.000580216975971594,0.0784504240229705,0.0116280888006844,0.00189641706266246,19,0.00371697744281843,0.007911111357866,0.0153450662435029
"36","CNMI","Saipan","Saipan","2017","ACSP",5.17914557086228e-05,1.03905431224352e-05,22,116,0.0110577980872149,0.00125802834650451,0.925102946161571,4.79124282620435e-05,9.61232205478366e-06,22,4.50857868542556e-05,0.0135493799559474,0.00433290858488727,0.000999322548390827,22,0.00195867219484602,0.00237423639004125,0.00629158077973329
"37","CNMI","Saipan","Saipan","2017","MOSP",5.19917873542917e-05,2.45852875799993e-05,22,232,0.0380790949715638,0.00254920428452873,0.718503797974586,3.73562966775456e-05,1.76646225005269e-05,22,8.2854423767803e-05,0.0388283228629338,0.00098101850123912,0.000468518675081028,22,0.000918296603158816,6.27218980803041e-05,0.00189931510439794
"38","CNMI","Saipan","Saipan","2017","POCS",3.22597433180266e-05,1.01632172233254e-05,22,58,0.0145983664390969,0.00320867610244939,0.945311270912547,3.04954989552763e-05,9.60740378994202e-06,22,4.50627181473314e-05,0.0244365491664623,0.002088966534886,0.000802454122959136,22,0.00157281008099991,0.00051615645388609,0.0036617766158859
"39","CNMI","Saipan","Saipan","2017","POSP",0.000130867390792417,3.26287848886612e-05,22,290,0.0350143801976936,0.00254098353816115,0.591150042447478,7.73622636219281e-05,1.92885075719417e-05,22,9.0471119898909e-05,0.0432713904208049,0.00220944261143951,0.000573733829300204,22,0.0011245183054284,0.00108492430601111,0.00333396091686791
"40","CNMI","Saipan","Saipan","2017","SSSS",0.00155864020860316,0.000182602461338017,22,58,0.145947828607915,0.0116052123478693,0.729859572011173,0.00113758847557051,0.000133274154280352,22,0.000625111193613702,0.0883826640867428,0.00779448715627424,0.00110363196074194,22,0.0021631186430542,0.00563136851322005,0.00995760579932844
"41","CNMI","Asuncion","Asuncion","2022","ACSP",0,0,17,64,0.000994944518844603,0.000396930470089488,0.925102946161571,0,0,17,0,0.0031754437607159,0,NA,17,NA,NA,NA
"42","CNMI","Asuncion","Asuncion","2022","MOSP",0,0,17,128,0.00593648323640848,0.000958992005723765,0.718503797974586,0,0,17,0,0.0108497560056154,0,NA,17,NA,NA,NA
"43","CNMI","Asuncion","Asuncion","2022","POCS",0.000141167840375587,2.55241609068811e-05,17,32,0.0158164053214505,0.00383144440695143,0.945311270912547,0.000133447550597426,2.41282769858601e-05,17,9.9483434576861e-05,0.021673922575157,0.0084372869742053,0.00255043233266039,17,0.00499884737201437,0.00343843960219093,0.0134361343462197
"44","CNMI","Asuncion","Asuncion","2022","POSP",0.000122195674044266,3.86780681790568e-05,17,160,0.0213859828437119,0.00275745945915142,0.591150042447478,7.22359778981661e-05,2.28645416458359e-05,17,9.42729202871153e-05,0.0348794097859781,0.00337772542071432,0.00115443832765234,17,0.00226269912219858,0.00111502629851574,0.0056404245429129
"45","CNMI","Asuncion","Asuncion","2022","SSSS",0.000574017018779342,0.000127813215847242,17,32,0.141118642931465,0.0204168193050465,0.729859572011173,0.00041895181565342,9.32856990156398e-05,17,0.00038462679040106,0.11549497104687,0.00296879141515616,0.000788331920181664,17,0.00154513056355606,0.00142366085160009,0.00451392197871222
"46","CNMI","Maug","Maug","2022","ACSP",1.20610908907087e-05,7.81759229839274e-06,24,100,0.00283596580068936,0.000560696084201623,0.925102946161571,1.11577507169171e-05,7.23207766713313e-06,24,3.54298001293078e-05,0.00560696084201623,0.00393437421361178,0.00266612536808682,24,0.00522560572145016,-0.00129123150783838,0.00915997993506194
"47","CNMI","Maug","Maug","2022","MOSP",0,0,24,200,0.00397542754241932,0.00052567518602315,0.718503797974586,0,0,24,0,0.00743416977476938,0,NA,24,NA,NA,NA
"48","CNMI","Maug","Maug","2022","POCS",0.000181711767642301,2.65906218505736e-05,24,50,0.0138945827082849,0.00244320002175104,0.945311270912547,0.000171774182009709,2.51364145359207e-05,24,0.000123142779152167,0.0172760330317528,0.0123626729651467,0.00282812923706798,24,0.00554313330465325,0.00681953966049349,0.0179058062698
"49","CNMI","Maug","Maug","2022","POSP",3.25312626377515e-05,8.09197799086478e-06,24,250,0.0299503642617738,0.00331097156493111,0.591150042447478,1.92308572891769e-05,4.78357313278378e-06,24,2.34346266452141e-05,0.052351057066172,0.000642090931552428,0.000174779588453197,24,0.000342567993368267,0.000299522938184161,0.000984658924920695
"50","CNMI","Maug","Maug","2022","SSSS",0.000774003260539885,8.31992395481573e-05,24,50,0.149186325208698,0.0120007114214099,0.729859572011173,0.000564913688472893,6.07237613682732e-05,24,0.000297484461229597,0.0848578442514179,0.0037866318356098,0.000508387194284505,24,0.000996438900797629,0.00279019293481217,0.00478307073640743
"51","CNMI","Pagan","Pagan","2022","ACSP",1.12149026047555e-05,4.76469232541749e-06,24,112,0.00215777400853987,0.000483645910958419,0.925102946161571,1.03749394405744e-05,4.40783090779715e-06,24,2.15938731931436e-05,0.00511842721203707,0.0048081677689662,0.00230962215784286,24,0.004526859429372,0.000281308339594192,0.0093350271983382
"52","CNMI","Pagan","Pagan","2022","MOSP",5.39986831508894e-06,3.11113045806776e-06,24,224,0.000700662498903256,0.00013194057276487,0.718503797974586,3.87982589295403e-06,2.2353590501161e-06,24,1.09509781293939e-05,0.00197470567480343,0.00553736770417584,0.00335643083969229,24,0.00657860444579689,-0.00104123674162105,0.0121159721499727
"53","CNMI","Pagan","Pagan","2022","POCS",3.74138932827579e-05,1.03461747123622e-05,24,56,0.00823141183978956,0.00278802267309835,0.945311270912547,3.53677750089103e-05,9.78035556642637e-06,24,4.79137612814675e-05,0.0208636512585833,0.00429668393433398,0.00187874561115661,24,0.00368234139786695,0.000614342536467029,0.00797902533220092
"54","CNMI","Pagan","Pagan","2022","POSP",6.43003714458846e-05,1.50258328605152e-05,24,280,0.0193718423753566,0.00230523671755125,0.591150042447478,3.80111673096233e-05,8.88252173330228e-06,24,4.35152917515452e-05,0.0385739882654751,0.00196218648557549,0.000514557267166892,24,0.00100853224364711,0.000953654241928379,0.0029707187292226
"55","CNMI","Pagan","Pagan","2022","SSSS",0.000811296178252054,7.38536730306366e-05,24,56,0.0676181234048352,0.0102293087790088,0.729859572011173,0.000592132281433345,5.39028101895936e-05,24,0.000264068761333196,0.0765491375091396,0.00875700554255551,0.00154611583515232,24,0.00303038703689856,0.00572661850565696,0.0117873925794541
"56","CNMI","Saipan","Saipan","2022","ACSP",7.39138113740727e-06,2.44339023867003e-06,24,146,0.000953606695201177,0.000158453488941031,0.925102946161571,6.83778846641853e-06,2.26038750841607e-06,24,1.10735920331608e-05,0.00191460079155093,0.00717044930664628,0.00265295334895809,24,0.00519978856395786,0.00197066074268842,0.0123702378706041
"57","CNMI","Saipan","Saipan","2022","MOSP",1.18303588950004e-05,4.55267897120198e-06,24,292,0.00997617773611579,0.00119504598803936,0.718503797974586,8.50015779746021e-06,3.27111713176765e-06,24,1.60251357234144e-05,0.02042095479527,0.000852045545127761,0.000343411238162836,24,0.000673086026799158,0.000178959518328603,0.00152513157192692
"58","CNMI","Saipan","Saipan","2022","POCS",8.89228103816589e-05,1.97446738102662e-05,24,73,0.00329780243199583,0.000648590941157556,0.945311270912547,8.40597348950014e-05,1.86648626933364e-05,24,9.14387794355679e-05,0.00554156343042918,0.0254896212336554,0.00756073734414943,24,0.0148190451945329,0.0106705760391226,0.0403086664281883
"59","CNMI","Saipan","Saipan","2022","POSP",9.55178774677185e-05,1.79166558996179e-05,24,365,0.0321078312589207,0.00211482035242861,0.591150042447478,5.64653973195348e-05,1.0591431895576e-05,24,5.18872075791999e-05,0.0404035861021257,0.00175861760528739,0.000349616997254782,24,0.000685249314619374,0.00107336829066802,0.00244386691990677
"60","CNMI","Saipan","Saipan","2022","SSSS",0.00123787326257478,0.000186646480267207,24,73,0.095216046601998,0.00929358698639567,0.729859572011173,0.000903473649626904,0.000136225720205216,24,0.000667367008691853,0.0794044420191989,0.00948867004952866,0.0017043031050689,24,0.00334043408593505,0.00614823596359361,0.0128291041354637
"61","GUA","Guam","GUA_WEST_OPEN","2014","ACSP",3.53332959683145e-06,2.11859610653533e-06,11,74,6.50336609411723e-05,4.58414012623662e-05,0.925102946161571,3.26869361978865e-06,1.95991949988227e-06,11,6.50031760041049e-06,0.000394342644355893,0.050261565664363,0.0465127334374683,11,0.0911649575374379,-0.0409033918730749,0.141426523201801
"62","GUA","Guam","GUA_WEST_OPEN","2014","MOSP",3.86727945297613e-06,2.23169593735631e-06,11,148,0.00176527871322173,0.000337573888312998,0.718503797974586,2.77865497479243e-06,1.60348200691496e-06,11,5.31814817502299e-06,0.00410676359807476,0.00157406020589306,0.00095692000315976,11,0.00187556320619313,-0.000301503000300072,0.00344962341208619
"63","GUA","Guam","GUA_WEST_OPEN","2014","POCS",3.60862010985315e-05,1.19878689773074e-05,11,37,0.000888465674173871,0.000318738922584643,0.945311270912547,3.41126926228586e-05,1.13322676584716e-05,11,3.75848798470295e-05,0.00193881317524549,0.0383950597242576,0.0187728094207894,11,0.0367947064647472,0.00160035325951042,0.0751897661890048
"64","GUA","Guam","GUA_WEST_OPEN","2014","POSP",7.80646321413893e-05,1.95296859910876e-05,11,185,0.111844657949456,0.0112492958497225,0.591150042447478,4.61479106040291e-05,1.15449747026174e-05,11,3.82903493027267e-05,0.153006965744041,0.00041260719510523,0.000111253270207059,11,0.000218056409605835,0.000194550785499395,0.000630663604711065
"65","GUA","Guam","GUA_WEST_OPEN","2014","SSSS",0.00038158114747973,7.94167617634007e-05,11,37,0.13989514998149,0.0267370659293974,0.729859572011173,0.000278500652987088,5.7963083751149e-05,11,0.000192241800494507,0.162635222805452,0.00199078133176123,0.000562528389333675,11,0.001102555643094,0.00088822568866723,0.00309333697485524
"66","GUA","Guam","GUA_WEST_OPEN","2017","ACSP",2.82666367746515e-06,2.82479480871377e-06,11,74,0.000622046063414672,0.000167329900445114,0.925102946161571,2.61495489583091e-06,2.61322599984302e-06,11,8.66709013388064e-06,0.00143942623053073,0.00420379622929583,0.00435055073638571,11,0.00852707944331598,-0.00432328321402016,0.0127308756726118
"67","GUA","Guam","GUA_WEST_OPEN","2017","MOSP",1.30785039046445e-05,9.3265493936888e-06,11,148,0.0182840251650052,0.00472646064021671,0.718503797974586,9.39695472731253e-06,6.70116116136297e-06,11,2.22252372319432e-05,0.0574998753664791,0.000513943436552356,0.000389840325090653,11,0.000764087037177681,-0.000250143600625324,0.00127803047373004
"68","GUA","Guam","GUA_WEST_OPEN","2017","POCS",4.87663939020289e-05,1.38575816104309e-05,11,37,0.00163602336960712,0.000834765719182817,0.945311270912547,4.60994217973488e-05,1.30997280839308e-05,11,4.34468829100796e-05,0.00507768163822269,0.028177728175374,0.0164567080043308,11,0.0322551476884883,-0.00407741951311432,0.0604328758638623
"69","GUA","Guam","GUA_WEST_OPEN","2017","POSP",0.000155974292867018,6.7054001241873e-05,11,185,0.0798254781033417,0.00676929966684815,0.591150042447478,9.22042098490531e-05,3.96389756804065e-05,11,0.000131467609405931,0.0920724297834277,0.00115507244102799,0.000506139061329585,11,0.000992032560205987,0.000163039880822001,0.00214710500123397
"70","GUA","Guam","GUA_WEST_OPEN","2017","SSSS",0.000670676306841535,0.000205452945127873,11,37,0.135188515167735,0.024227164130282,0.729859572011173,0.000489499522269397,0.000149951798599464,11,0.000497333852593364,0.147368086187064,0.00362086617832921,0.00128506903216209,11,0.0025187353030377,0.00110213087529151,0.00613960148136691
"71","GUA","Guam","GUA_WEST_OPEN","2022","ACSP",4.37170720771214e-06,4.36796910766329e-06,17,82,0.00216090968167114,0.000574516729519471,0.925102946161571,4.04427921761028e-06,4.04082109024204e-06,17,1.66607321692914e-05,0.00520247025410193,0.00187156328277572,0.00193503387876698,17,0.00379266640238328,-0.00192110311960755,0.005664229685159
"72","GUA","Guam","GUA_WEST_OPEN","2022","MOSP",6.05313305683219e-06,3.34194570813279e-06,17,164,0.00409828640092868,0.00092852870166648,0.718503797974586,4.34919909097944e-06,2.40120068391828e-06,17,9.90040404810042e-06,0.0118909692695854,0.00106122380563591,0.000633318731455983,17,0.00124130471365373,-0.000180080908017813,0.00230252851928964
"73","GUA","Guam","GUA_WEST_OPEN","2022","POCS",3.29756967241554e-05,9.28549923433716e-06,17,41,0.00323708066437714,0.000933712462293087,0.945311270912547,3.11722977795381e-05,8.77768708226874e-06,17,3.61913309888137e-05,0.00597867689810197,0.00962975625617783,0.00388175914292924,17,0.00760824792014131,0.00202150833603652,0.0172380041763191
"74","GUA","Guam","GUA_WEST_OPEN","2022","POSP",0.000125096214923588,2.24057433261158e-05,17,205,0.109481177730256,0.00804501292178213,0.591150042447478,7.39506327620979e-05,1.32451561183007e-05,17,5.46111777035496e-05,0.115187055465823,0.00067546435191171,0.000130767294050885,17,0.000256303896339734,0.000419160455571976,0.000931768248251444
"75","GUA","Guam","GUA_WEST_OPEN","2022","SSSS",0.000702336915037285,0.00010876720144693,17,41,0.174449004195078,0.0261982055750942,0.729859572011173,0.000512607320216761,7.93847830969094e-05,17,0.000327311845775305,0.167750365095134,0.00293843649370183,0.000633886685348399,17,0.00124241790328286,0.00169601859041897,0.00418085439698469
"76","MHI","Hawaii","HAW_HAMAKUA","2013","ACSP",0,0,4,NA,NA,NA,0.925102946161571,0,0,4,0,NA,NA,NA,4,NA,NA,NA
"77","MHI","Hawaii","HAW_HAMAKUA","2013","MOSP",0,0,4,NA,NA,NA,0.718503797974586,0,0,4,0,NA,NA,NA,4,NA,NA,NA
"78","MHI","Hawaii","HAW_HAMAKUA","2013","POCS",0,0,4,NA,NA,NA,0.945311270912547,0,0,4,0,NA,NA,NA,4,NA,NA,NA
"79","MHI","Hawaii","HAW_HAMAKUA","2013","POSP",0,0,4,NA,NA,NA,0.591150042447478,0,0,4,0,NA,NA,NA,4,NA,NA,NA
"80","MHI","Hawaii","HAW_HAMAKUA","2013","SSSS",0,0,4,NA,NA,NA,0.729859572011173,0,0,4,0,NA,NA,NA,4,NA,NA,NA
"81","MHI","Hawaii","HAW_KONA","2013","ACSP",0,0,7,NA,NA,NA,0.925102946161571,0,0,7,0,NA,NA,NA,7,NA,NA,NA
"82","MHI","Hawaii","HAW_KONA","2013","MOSP",0,0,7,NA,NA,NA,0.718503797974586,0,0,7,0,NA,NA,NA,7,NA,NA,NA
"83","MHI","Hawaii","HAW_KONA","2013","POCS",0,0,7,NA,NA,NA,0.945311270912547,0,0,7,0,NA,NA,NA,7,NA,NA,NA
"84","MHI","Hawaii","HAW_KONA","2013","POSP",0,0,7,NA,NA,NA,0.591150042447478,0,0,7,0,NA,NA,NA,7,NA,NA,NA
"85","MHI","Hawaii","HAW_KONA","2013","SSSS",0,0,7,NA,NA,NA,0.729859572011173,0,0,7,0,NA,NA,NA,7,NA,NA,NA
"86","MHI","Hawaii","HAW_PUNA","2013","ACSP",0,0,8,NA,NA,NA,0.925102946161571,0,0,8,0,NA,NA,NA,8,NA,NA,NA
"87","MHI","Hawaii","HAW_PUNA","2013","MOSP",0,0,8,NA,NA,NA,0.718503797974586,0,0,8,0,NA,NA,NA,8,NA,NA,NA
"88","MHI","Hawaii","HAW_PUNA","2013","POCS",0,0,8,NA,NA,NA,0.945311270912547,0,0,8,0,NA,NA,NA,8,NA,NA,NA
"89","MHI","Hawaii","HAW_PUNA","2013","POSP",0,0,8,NA,NA,NA,0.591150042447478,0,0,8,0,NA,NA,NA,8,NA,NA,NA
"90","MHI","Hawaii","HAW_PUNA","2013","SSSS",0,0,8,NA,NA,NA,0.729859572011173,0,0,8,0,NA,NA,NA,8,NA,NA,NA
"91","MHI","Maui","MAI_KIHEI","2013","ACSP",0,0,2,NA,NA,NA,0.925102946161571,0,0,2,0,NA,NA,NA,2,NA,NA,NA
"92","MHI","Maui","MAI_KIHEI","2013","MOSP",0,0,2,NA,NA,NA,0.718503797974586,0,0,2,0,NA,NA,NA,2,NA,NA,NA
"93","MHI","Maui","MAI_KIHEI","2013","POCS",0,0,2,NA,NA,NA,0.945311270912547,0,0,2,0,NA,NA,NA,2,NA,NA,NA
"94","MHI","Maui","MAI_KIHEI","2013","POSP",0,0,2,NA,NA,NA,0.591150042447478,0,0,2,0,NA,NA,NA,2,NA,NA,NA
"95","MHI","Maui","MAI_KIHEI","2013","SSSS",0,0,2,NA,NA,NA,0.729859572011173,0,0,2,0,NA,NA,NA,2,NA,NA,NA
"96","MHI","Maui","MAI_NE","2013","ACSP",0,0,2,NA,NA,NA,0.925102946161571,0,0,2,0,NA,NA,NA,2,NA,NA,NA
"97","MHI","Maui","MAI_NE","2013","MOSP",0,0,2,NA,NA,NA,0.718503797974586,0,0,2,0,NA,NA,NA,2,NA,NA,NA
"98","MHI","Maui","MAI_NE","2013","POCS",0,0,2,NA,NA,NA,0.945311270912547,0,0,2,0,NA,NA,NA,2,NA,NA,NA
"99","MHI","Maui","MAI_NE","2013","POSP",0,0,2,NA,NA,NA,0.591150042447478,0,0,2,0,NA,NA,NA,2,NA,NA,NA
"100","MHI","Maui","MAI_NE","2013","SSSS",0,0,2,NA,NA,NA,0.729859572011173,0,0,2,0,NA,NA,NA,2,NA,NA,NA
"101","MHI","Oahu","OAH_NE","2013","ACSP",0,0,12,NA,NA,NA,0.925102946161571,0,0,12,0,NA,NA,NA,12,NA,NA,NA
"102","MHI","Oahu","OAH_NE","2013","MOSP",0,0,12,NA,NA,NA,0.718503797974586,0,0,12,0,NA,NA,NA,12,NA,NA,NA
"103","MHI","Oahu","OAH_NE","2013","POCS",0,0,12,NA,NA,NA,0.945311270912547,0,0,12,0,NA,NA,NA,12,NA,NA,NA
"104","MHI","Oahu","OAH_NE","2013","POSP",0,0,12,NA,NA,NA,0.591150042447478,0,0,12,0,NA,NA,NA,12,NA,NA,NA
"105","MHI","Oahu","OAH_NE","2013","SSSS",0,0,12,NA,NA,NA,0.729859572011173,0,0,12,0,NA,NA,NA,12,NA,NA,NA
"106","MHI","Oahu","OAH_SOUTH","2013","ACSP",0,0,17,NA,NA,NA,0.925102946161571,0,0,17,0,NA,NA,NA,17,NA,NA,NA
"107","MHI","Oahu","OAH_SOUTH","2013","MOSP",0,0,17,NA,NA,NA,0.718503797974586,0,0,17,0,NA,NA,NA,17,NA,NA,NA
"108","MHI","Oahu","OAH_SOUTH","2013","POCS",0,0,17,NA,NA,NA,0.945311270912547,0,0,17,0,NA,NA,NA,17,NA,NA,NA
"109","MHI","Oahu","OAH_SOUTH","2013","POSP",0,0,17,NA,NA,NA,0.591150042447478,0,0,17,0,NA,NA,NA,17,NA,NA,NA
"110","MHI","Oahu","OAH_SOUTH","2013","SSSS",0,0,17,NA,NA,NA,0.729859572011173,0,0,17,0,NA,NA,NA,17,NA,NA,NA
"111","MHI","Hawaii","HAW_KONA","2016","ACSP",0,0,18,108,0,0,0.925102946161571,0,0,18,0,0,NA,NA,18,NA,NA,NA
"112","MHI","Hawaii","HAW_KONA","2016","MOSP",0.000154621747105651,2.88568970375171e-05,18,216,0.00365637372677496,0.000380238166059067,0.718503797974586,0.000111096312544876,2.07337901192176e-05,18,8.79660215579844e-05,0.00558833692545823,0.0303842880533076,0.00649150671384848,18,0.012723353159143,0.0176609348941646,0.0431076412124506
"113","MHI","Hawaii","HAW_KONA","2016","POCS",1.01133013586636e-05,4.26207732754657e-06,18,54,0.000548328240828338,0.000249305228961387,0.945311270912547,9.56021776047988e-06,4.0289897352306e-06,18,1.70935557786753e-05,0.00183201180348939,0.0174352095125315,0.0108087779389776,18,0.0211852047603961,-0.00374999524786467,0.0386204142729276
"114","MHI","Hawaii","HAW_KONA","2016","POSP",0.000384004541580928,8.83407013754456e-05,18,270,0.152759874596363,0.00606098909578689,0.591150042447478,0.00022700430105559,5.22226093679347e-05,18,0.000221561767291936,0.0995922134566597,0.00148602047268894,0.00034690790802639,18,0.000679939499731723,0.000806080972957212,0.00216595997242066
"115","MHI","Hawaii","HAW_KONA","2016","SSSS",0.000608294070829263,0.000115629370061668,18,54,0.157835243214053,0.0152161805339179,0.729859572011173,0.00044396925019238,8.43932025451306e-05,18,0.00035805003483427,0.111815634426507,0.00281286511904238,0.000599526032062744,18,0.00117507102284298,0.0016377940961994,0.00398793614188536
"116","MHI","Hawaii","HAW_PUNA","2016","ACSP",0,0,8,44,0,0,0.925102946161571,0,0,8,0,0,NA,NA,8,NA,NA,NA
"117","MHI","Hawaii","HAW_PUNA","2016","MOSP",0.000153229775453707,2.67159047553908e-05,8,88,0.025567100293097,0.00486925028058295,0.718503797974586,0.000110096175626281,1.91954790330756e-05,8,5.42930135696478e-05,0.0456776165091418,0.00430616590712897,0.00111187283026358,8,0.00217927074731662,0.00212689515981235,0.00648543665444559
"118","MHI","Hawaii","HAW_PUNA","2016","POCS",0.000155170204039783,3.13098686532029e-05,8,22,0.0181346913712461,0.00614441050257011,0.945311270912547,0.000146684142788607,2.95975717286641e-05,8,8.37145747039747e-05,0.0288198398560794,0.00808859328155896,0.00318975521816485,8,0.0062519202276031,0.00183667305395586,0.0143405135091621
"119","MHI","Hawaii","HAW_PUNA","2016","POSP",0.000268251307290064,0.000120673193504657,8,110,0.0436216519125605,0.00311166257870944,0.591150042447478,0.000158576771691113,7.13359634625508e-05,8,0.000201768574027382,0.0326353924507041,0.00363527662842709,0.00165576601572725,8,0.00324530139082541,0.000389975237601684,0.0068805780192525
"120","MHI","Hawaii","HAW_PUNA","2016","SSSS",0.000589808264123859,0.000138020952671893,8,22,0.0899836130773663,0.0232818914458692,0.729859572011173,0.000430477207222093,0.000100735913445682,8,0.000284924190025852,0.109201750556203,0.00478395112732333,0.00166893611826981,8,0.00327111479180882,0.00151283633551451,0.00805506591913215
"121","MHI","Maui","MAI_KIHEI","2016","ACSP",0,0,7,44,0,0,0.925102946161571,0,0,7,0,0,NA,NA,7,NA,NA,NA
"122","MHI","Maui","MAI_KIHEI","2016","MOSP",0.000273770679259853,0.000148973289945942,7,88,0.159920299080935,0.0111542339956785,0.718503797974586,0.000196705272822287,0.000107037874622928,7,0.00028319559711718,0.104635989844177,0.0012300206662491,0.000674796085901905,7,0.00132260032836773,-9.25796621186331e-05,0.00255262099461683
"123","MHI","Maui","MAI_KIHEI","2016","POCS",1.74871543556387e-05,1.11922335599453e-05,7,22,0.000740584637432363,0.000369161112512531,0.945311270912547,1.65308041085727e-05,1.0580144530902e-05,7,2.79924312638867e-05,0.00173151910004273,0.0223212895232146,0.0181078931098076,7,0.0354914704952228,-0.0131701809720082,0.0578127600184375
"124","MHI","Maui","MAI_KIHEI","2016","POSP",9.95696337877573e-05,4.93353505568259e-05,7,110,0.127834507142195,0.00632591778202986,0.591150042447478,5.88605932401126e-05,2.91645945758289e-05,7,7.71622643356665e-05,0.0663467854258982,0.000460443698309409,0.000229278341947878,7,0.00044938555021784,1.10581480915691e-05,0.000909829248527249
"125","MHI","Maui","MAI_KIHEI","2016","SSSS",0.000405273990911521,0.000163274112607143,7,22,0.294797764866665,0.0315748585930275,0.729859572011173,0.000295793101553943,0.000119167173947954,7,0.00031528670670866,0.148099214358932,0.00100337633729254,0.000418275399364449,7,0.000819819782754321,0.000183556554538223,0.00182319612004686
"126","MHI","Maui","MAI_NE","2016","ACSP",0,0,2,22,0,0,0.925102946161571,0,0,2,0,0,NA,NA,2,NA,NA,NA
"127","MHI","Maui","MAI_NE","2016","MOSP",0.000108333333333333,4.16554251538041e-05,2,44,0.0110867803861324,0.00402177357375902,0.718503797974586,7.78379114472466e-05,2.99295811792543e-05,2,4.2326819619848e-05,0.0266774278718508,0.00702078590323736,0.00371133129810203,2,0.00727420934427998,-0.000253423441042613,0.0142949952475173
"128","MHI","Maui","MAI_NE","2016","POCS",0.000516666666666667,3.33243401230434e-05,2,11,0.0224646209962093,0.010149293315771,0.945311270912547,0.000488410823304816,3.15018743140361e-05,2,4.45503778950826e-05,0.0336613978156745,0.0217413337793338,0.0099221115710638,2,0.019447338679285,0.00229399510004875,0.0411886724586188
"129","MHI","Maui","MAI_NE","2016","POSP",0.000225,2.49932550922825e-05,2,55,0.0193338855658776,0.00220920829451025,0.591150042447478,0.000133008759550683,1.47747638087035e-05,2,2.08946713591276e-05,0.0163839272114261,0.00687956691879,0.0010963311793401,2,0.0021488091115066,0.0047307578072834,0.00902837603029659
"130","MHI","Maui","MAI_NE","2016","SSSS",0.000875,0.000124966275461412,2,11,0.0562962176336744,0.0181562619301179,0.729859572011173,0.000638627125509777,9.12078323240965e-05,2,0.000128987353467389,0.060217508417615,0.0113440503172947,0.00400127967037225,2,0.00784250815392962,0.0035015421633651,0.0191865584712243
"131","MHI","Oahu","OAH_NE","2016","ACSP",0,0,4,32,0,0,0.925102946161571,0,0,4,0,0,NA,NA,4,NA,NA,NA
"132","MHI","Oahu","OAH_NE","2016","MOSP",0.000292089104842024,6.27670441505847e-05,4,64,0.0670978180322589,0.0101075743708279,0.718503797974586,0.000209867131175991,4.50983596098336e-05,4,9.01967192196672e-05,0.080860594966623,0.00312777877627992,0.000820825708421168,4,0.00160881838850549,0.00151896038777443,0.00473659716478541
"133","MHI","Oahu","OAH_NE","2016","POCS",6.77967945463774e-05,2.78005950895455e-05,4,16,0.0140136586870058,0.0039465296787071,0.945311270912547,6.40890740164329e-05,2.62802158762234e-05,4,5.25604317524467e-05,0.0157861187148284,0.00457332916748284,0.00227500596728602,4,0.0044590116958806,0.000114317471602236,0.00903234086336344
"134","MHI","Oahu","OAH_NE","2016","POSP",0.000217654168781879,4.74477505855578e-05,4,80,0.0774436400023154,0.00575378149926109,0.591150042447478,0.000128666271114278,2.80487397726899e-05,4,5.60974795453797e-05,0.0514633862401138,0.00166141817598491,0.000382639545369296,4,0.000749973508923819,0.000911444667061086,0.00241139168490872
"135","MHI","Oahu","OAH_NE","2016","SSSS",0.000595336862716658,8.79824351004204e-05,4,16,0.16081763725743,0.0352863425858298,0.729859572011173,0.000434512307824855,6.42148224268937e-05,4,0.000128429644853787,0.141145370343319,0.00270189461327122,0.000714778089195313,4,0.00140096505482281,0.0013009295584484,0.00410285966809403
"136","MHI","Oahu","OAH_SOUTH","2016","ACSP",0,0,9,68,0,0,0.925102946161571,0,0,9,0,0,NA,NA,9,NA,NA,NA
"137","MHI","Oahu","OAH_SOUTH","2016","MOSP",0.000126401830397876,4.0073706702678e-05,9,136,0.00456200522402326,0.000986387653560765,0.718503797974586,9.08201952118134e-05,2.87931104647938e-05,9,8.63793313943813e-05,0.0115031579151643,0.0199079551100817,0.00763959641455916,9,0.014973608972536,0.00493434613754576,0.0348815640826177
"138","MHI","Oahu","OAH_SOUTH","2016","POCS",9.05983201383704e-05,1.81003598673606e-05,9,34,0.00865994571576906,0.00187699911610747,0.945311270912547,8.56436131525447e-05,1.71104741901891e-05,9,5.13314225705673e-05,0.0109446915526898,0.00988962471168782,0.00291522870490195,9,0.00571384826160782,0.00417577645008,0.0156034729732956
"139","MHI","Oahu","OAH_SOUTH","2016","POSP",0.000313408747384817,0.000102258499142334,9,170,0.0161917523028378,0.00203353892267845,0.591150042447478,0.000185271594319946,6.04501161086062e-05,9,0.000181350348325819,0.0265141036715972,0.0114423436608201,0.0040004156758489,9,0.00784081472466384,0.00360152893615627,0.019283158385484
"140","MHI","Oahu","OAH_SOUTH","2016","SSSS",0.000539455473528662,0.000134133180019095,9,34,0.0337319804055784,0.00678945765135067,0.729859572011173,0.000393726741028714,9.78983853612343e-05,9,0.000293695156083703,0.0395890009571151,0.0116722094669426,0.00373395513425432,9,0.00731855206313846,0.00435365740380413,0.0189907615300811
"141","MHI","Hawaii","HAW_HAMAKUA","2019","ACSP",0,0,11,58,0,0,0.925102946161571,0,0,11,0,0,NA,NA,11,NA,NA,NA
"142","MHI","Hawaii","HAW_HAMAKUA","2019","MOSP",0.000178016078239168,6.41259995997949e-05,11,116,0.00743444962301957,0.000935639755865665,0.718503797974586,0.000127905228315383,4.60747742613694e-05,11,0.000152812738525287,0.0100771485708874,0.0172043977430885,0.00656481122573532,11,0.0128670300024412,0.00433736774064731,0.0300714277455297
"143","MHI","Hawaii","HAW_HAMAKUA","2019","POCS",0.000127219982873915,3.95328907687662e-05,11,29,0.0112966656791601,0.00301817229186693,0.945311270912547,0.000120262483696013,3.73708872154693e-05,11,0.000123945210976401,0.0162533552080303,0.0106458389680303,0.00436276627615408,11,0.008551021901262,0.0020948170667683,0.0191968608692923
"144","MHI","Hawaii","HAW_HAMAKUA","2019","POSP",0.00028672411510532,0.000108922830032818,11,145,0.0255908742436851,0.00146436246871748,0.591150042447478,0.000169496972815226,6.43897355973998e-05,11,0.000213556593326766,0.0176332591646953,0.00662333655353924,0.00254450515894274,11,0.00498723011152776,0.00163610644201147,0.011610566665067
"145","MHI","Hawaii","HAW_HAMAKUA","2019","SSSS",0.000617846479293774,0.000160428880113499,11,29,0.0454004390094014,0.00591132994573444,0.729859572011173,0.000450941166945964,0.00011709055377787,11,0.000388345433376126,0.0318334859871294,0.00993252877692624,0.00288514754052785,11,0.00565488917943458,0.00427763959749166,0.0155874179563608
"146","MHI","Hawaii","HAW_KONA","2019","ACSP",0,0,27,126,0,0,0.925102946161571,0,0,27,0,0,NA,NA,27,NA,NA,NA
"147","MHI","Hawaii","HAW_KONA","2019","MOSP",0.000128584024443474,2.80677904630021e-05,27,252,0.0020448545952807,0.000238974196916047,0.718503797974586,9.23881099214931e-05,2.01668140484219e-05,27,0.000104789839675981,0.00379359776880744,0.045180772332035,0.0111867300216792,27,0.0219259908424913,0.0232547814895437,0.0671067631745263
"148","MHI","Hawaii","HAW_KONA","2019","POCS",8.93005965371745e-05,2.09859055304634e-05,27,63,0.00066367988259088,0.000600605613116624,0.945311270912547,8.4416860405805e-05,1.9838213028253e-05,27,0.000103082378688927,0.00476715926500818,0.127195147269279,0.118924679911055,27,0.233092372625667,-0.105897225356388,0.360287519894947
"149","MHI","Hawaii","HAW_KONA","2019","POSP",0.00057671177069693,0.000107682836615414,27,315,0.133916622367071,0.00545055201335839,0.591150042447478,0.000340923187727451,6.36567134360669e-05,27,0.000330769985742361,0.0967377017188875,0.00254578693594112,0.000486507998899915,27,0.000953555677843834,0.00159223125809729,0.00349934261378496
"150","MHI","Hawaii","HAW_KONA","2019","SSSS",0.000827354066637568,0.000128634944495314,27,63,0.138804543764453,0.0154330916250686,0.729859572011173,0.000603852284977799,9.38854455350309e-05,27,0.000487843085273743,0.122496367202416,0.00435037837091643,0.000831543069535085,27,0.00162982441628877,0.00272055395462766,0.00598020278720519
"151","MHI","Hawaii","HAW_PUNA","2019","ACSP",0,0,11,56,0,0,0.925102946161571,0,0,11,0,0,NA,NA,11,NA,NA,NA
"152","MHI","Hawaii","HAW_PUNA","2019","MOSP",0.000684347927133531,0.000195610718155823,11,112,0.0086463381964383,0.00132960431087355,0.718503797974586,0.000491706584781477,0.000140547043919495,11,0.000466141810074567,0.0140712093947633,0.0568687661308491,0.0184581850396297,11,0.0361780426776742,0.0206907234531749,0.0930468088085233
"153","MHI","Hawaii","HAW_PUNA","2019","POCS",0.000233559998632899,4.46214174618588e-05,11,28,0.0151210843391636,0.00383833418934107,0.945311270912547,0.000220786899141998,4.21811288507891e-05,11,0.000139898977631702,0.0203105554275064,0.0146012610068023,0.0046388467107206,11,0.00909213955301237,0.00550912145378993,0.0236934005598147
"154","MHI","Hawaii","HAW_PUNA","2019","POSP",0.000477836152978571,0.000144179678672398,11,140,0.0230404397387085,0.00191244987773047,0.591150042447478,0.000282472862116222,8.52318231672519e-05,11,0.000282681977643695,0.0226284121156651,0.0122598728722031,0.00383664321461172,11,0.00751982070063896,0.00474005217156412,0.019779693572842
"155","MHI","Hawaii","HAW_PUNA","2019","SSSS",0.00140628688608633,0.000316746071007632,11,28,0.0502500671308044,0.00941961142754707,0.729859572011173,0.00102639194480389,0.000231180151821851,11,0.000766737822570476,0.0498438985683033,0.0204256830569425,0.00598547120264078,11,0.0117315235571759,0.00869415949976657,0.0321572066141184
"156","MHI","Maui","MAI_KIHEI","2019","ACSP",0,0,8,40,0.000169372293935542,0.000119597211408603,0.925102946161571,0,0,8,0,0.000756399179711722,0,NA,8,NA,NA,NA
"157","MHI","Maui","MAI_KIHEI","2019","MOSP",0.000713443375211619,0.000393840347481333,8,80,0.136849564688354,0.0120885327214017,0.718503797974586,0.000512611774729356,0.000282975785460968,8,0.000800376387244162,0.108123123653139,0.00374580493475971,0.00209409362829148,8,0.00410442351145129,-0.000358618576691589,0.007850228446211
"158","MHI","Maui","MAI_KIHEI","2019","POCS",4.95812171433663e-05,1.96473480157302e-05,8,20,0.00211984860821048,0.00116533765400506,0.945311270912547,4.68696833911866e-05,1.8572859522811e-05,8,5.25319796584193e-05,0.00521154842219089,0.0221099201186601,0.014983060879775,8,0.0293667993243591,-0.00725687920569894,0.0514767194430192
"159","MHI","Maui","MAI_KIHEI","2019","POSP",7.45834447117526e-05,3.68351410206384e-05,8,100,0.109199052122348,0.00927059749361295,0.591150042447478,4.40900065072317e-05,2.17750951779092e-05,8,6.15892698451285e-05,0.0927059749361295,0.000403758143045349,0.000202332027752966,8,0.000396570774395814,7.1873686495354e-06,0.000800328917441163
"160","MHI","Maui","MAI_KIHEI","2019","SSSS",0.000881769580326116,0.000439664460520804,8,20,0.254840016533491,0.0447028438471872,0.729859572011173,0.000643567968509291,0.000320893314984237,8,0.00090762335625114,0.199917195259738,0.00252538034357219,0.00133484566500779,8,0.00261629750341527,-9.09171598430726e-05,0.00514167784698746
"161","MHI","Maui","MAI_NE","2019","ACSP",0,0,2,24,0,0,0.925102946161571,0,0,2,0,0,NA,NA,2,NA,NA,NA
"162","MHI","Maui","MAI_NE","2019","MOSP",0.000379166666666667,4.58209676691847e-05,2,48,0.000743480849814249,0.000214882271255988,0.718503797974586,0.000272432690065364,3.29225392971799e-05,2,4.6559501581833e-05,0.00148874804584467,0.366428658025864,0.11479079135963,2,0.224989951064874,0.14143870696099,0.591418609090738
"163","MHI","Maui","MAI_NE","2019","POCS",3.33333333333333e-05,3.33243401230433e-05,2,12,0.0121738621663491,0.00242807669843212,0.945311270912547,3.15103756970849e-05,3.1501874314036e-05,2,4.45503778950824e-05,0.00841110441271705,0.00258836310667174,0.00263865913301931,2,0.00517177190071785,-0.00258340879404612,0.00776013500738959
"164","MHI","Maui","MAI_NE","2019","POSP",0.000216666666666667,0.000116635190430651,2,60,0.00717690198904416,0.000750228535745947,0.591150042447478,0.000128082509196954,6.89488977739491e-05,2,9.75084663425949e-05,0.00581124524958725,0.017846489946843,0.00978651303794374,2,0.0191815655543697,-0.00133507560752677,0.0370280555012127
"165","MHI","Maui","MAI_NE","2019","SSSS",0.000629166666666667,0.00010413856288451,2,12,0.0203299673791583,0.00330717403228647,0.729859572011173,0.00045920331405703,7.60065269367471e-05,2,0.000107489461222824,0.0114563869067852,0.0225875086512826,0.0052420245412557,2,0.0102743681008612,0.0123131405504214,0.0328618767521437
"166","MHI","Oahu","OAH_NE","2019","ACSP",0,0,4,28,0,0,0.925102946161571,0,0,4,0,0,NA,NA,4,NA,NA,NA
"167","MHI","Oahu","OAH_NE","2019","MOSP",0.00141583747927031,0.000492404644200569,4,56,0.0488253534807627,0.0118209589075947,0.718503797974586,0.00101728460617048,0.000353794606998433,4,0.000707589213996867,0.088459956430706,0.0208351713535734,0.00882902574640136,4,0.0173048904629467,0.00353028089062674,0.03814006181652
"168","MHI","Oahu","OAH_NE","2019","POCS",0.000185872174216636,5.02051477574914e-05,4,14,0.0141998005002969,0.00230743292297539,0.945311270912547,0.000175707061236007,4.74594920329864e-05,4,9.49189840659728e-05,0.00863362344073625,0.0123739105512315,0.00390048324562521,4,0.00764494716142542,0.00472896338980611,0.0200188577126569
"169","MHI","Oahu","OAH_NE","2019","POSP",0.000521640700008728,0.00021865398494007,4,70,0.0402192764265122,0.0045453214095526,0.591150042447478,0.000308367921952492,0.000129257312478633,4,0.000258514624957265,0.0380288873112218,0.00766716732251349,0.00332857590259599,4,0.00652400876908815,0.00114315855342535,0.0141911760916016
"170","MHI","Oahu","OAH_NE","2019","SSSS",0.00216542288557214,0.000705044202328891,4,14,0.103877648895633,0.0372764624952817,0.729859572011173,0.00158045462048688,0.000514583259760723,4,0.00102916651952145,0.139475751248273,0.0152145782782857,0.00737213756863031,4,0.0144493896345154,0.000765188643770256,0.0296639679128011
"171","MHI","Oahu","OAH_SOUTH","2019","ACSP",0,0,16,70,0,0,0.925102946161571,0,0,16,0,0,NA,NA,16,NA,NA,NA
"172","MHI","Oahu","OAH_SOUTH","2019","MOSP",0.00019465872269775,0.00010050109586368,16,140,0.0116031117184048,0.00367536123693291,0.718503797974586,0.000139863031567215,7.2210419078662e-05,16,0.000288841676314648,0.0434874606188135,0.0120539244093776,0.0073012760490086,16,0.0143105010560569,-0.00225657664667924,0.0263644254654345
"173","MHI","Oahu","OAH_SOUTH","2019","POCS",5.38223314597496e-05,1.57028222441512e-05,16,35,0.00718801572516331,0.00192901687569171,0.945311270912547,5.08788565556923e-05,1.48440548525324e-05,16,5.93762194101295e-05,0.0114122177395377,0.00707828954485715,0.0028058960640091,16,0.00549955628545783,0.00157873325939932,0.012577845830315
"174","MHI","Oahu","OAH_SOUTH","2019","POSP",0.000386291074341645,8.59639405712455e-05,16,175,0.0231504621787509,0.00478549710150738,0.591150042447478,0.000228355984994146,5.08175871176443e-05,16,0.000203270348470577,0.0633061761520447,0.00986399248667038,0.00299600433075116,16,0.00587216848827227,0.00399182399839811,0.0157361609749427
"175","MHI","Oahu","OAH_SOUTH","2019","SSSS",0.000638390758742184,0.000189983703779873,16,35,0.0453675503313436,0.0197500800712502,0.729859572011173,0.000465935605951459,0.000138661424729876,16,0.000554645698919503,0.116843049424122,0.0102702394673832,0.00541584485606598,16,0.0106150559178893,-0.00034481645050613,0.0208852953852725
"176","MHI","Hawaii","HAW_HAMAKUA","2024","ACSP",0,0,14,30,0,0,0.925102946161571,0,0,14,0,0,NA,NA,14,NA,NA,NA
"177","MHI","Hawaii","HAW_HAMAKUA","2024","MOSP",0.000159055699211862,5.98614014732058e-05,14,60,0.00888814014620141,0.00161517416760865,0.718503797974586,0.000114282123973226,4.30106443105798e-05,14,0.000160931094994588,0.0125110853047455,0.012857822007011,0.00537367882386496,14,0.0105324104947753,0.00232541151223566,0.0233902325017863
"178","MHI","Hawaii","HAW_HAMAKUA","2024","POCS",0.000154354476161503,4.90514286634073e-05,14,15,0.0346586816511282,0.0106324402588748,0.945311270912547,0.000145913026031271,4.63688683698817e-05,14,0.000173496418852516,0.0411792640521674,0.0042099993156122,0.00185955326894438,14,0.00364472440713098,0.00056527490848122,0.00785472372274318
"179","MHI","Hawaii","HAW_HAMAKUA","2024","POSP",0.000230154585452968,6.69802739735202e-05,14,75,0.0170585658287179,0.00157051362271885,0.591150042447478,0.000136055892960004,3.95953918025902e-05,14,0.00014815239022037,0.0136010469426406,0.007975810764288,0.00243452424994144,14,0.00477166752988522,0.00320414323440278,0.0127474782941732
"180","MHI","Hawaii","HAW_HAMAKUA","2024","SSSS",0.000546898150495474,0.000134956242842057,14,15,0.0615767682791359,0.015086598798829,0.729859572011173,0.000399158850054329,9.84991056409397e-05,14,0.000368549906212049,0.0584301458987775,0.00648229618425065,0.00225413504094511,14,0.00441810468025241,0.00206419150399823,0.0109004008645031
"181","MHI","Hawaii","HAW_KONA","2024","ACSP",0,0,19,52,0,0,0.925102946161571,0,0,19,0,0,NA,NA,19,NA,NA,NA
"182","MHI","Hawaii","HAW_KONA","2024","MOSP",4.0069464363659e-05,1.09285749742623e-05,19,104,0.000558148077581063,0.000115836325305077,0.718503797974586,2.87900623280963e-05,7.85222262545748e-06,19,3.42270449065528e-05,0.00118130336622693,0.0515814055167376,0.0176781354535472,19,0.0346491454889525,0.016932260027785,0.0862305510056901
"183","MHI","Hawaii","HAW_KONA","2024","POCS",0.000182686204818025,6.18699755525403e-05,19,26,0.00516217204296618,0.00469471181388093,0.945311270912547,0.000172695328454717,5.84863852209001e-05,19,0.000254936242750894,0.0239384271496734,0.033454004829232,0.0324656652309013,19,0.0636327038525665,-0.0301786990233345,0.0970867086817985
"184","MHI","Hawaii","HAW_KONA","2024","POSP",0.000285220386190268,8.74036106882555e-05,19,130,0.159458617967968,0.0112374503251403,0.591150042447478,0.000168608043403263,5.16686481684251e-05,19,0.000225218415915523,0.128126647014973,0.00105737805552242,0.000332483279691691,19,0.000651667228195714,0.00040571082732671,0.00170904528371814
"185","MHI","Hawaii","HAW_KONA","2024","SSSS",0.000529441749288105,0.000131605511971689,19,26,0.165540912402764,0.025758246716003,0.729859572011173,0.000386418128540263,9.60535426419683e-05,19,0.000418687685545415,0.131341802640837,0.00233427569614997,0.000684546398021585,19,0.00134171094012231,0.000992564756027663,0.00367598663627228
"186","MHI","Hawaii","HAW_PUNA","2024","ACSP",0,0,8,16,0,0,0.925102946161571,0,0,8,0,0,NA,NA,8,NA,NA,NA
"187","MHI","Hawaii","HAW_PUNA","2024","MOSP",6.77952083119724e-05,2.51792250915381e-05,8,32,0.0642199535324713,0.0267412871017533,0.718503797974586,4.87111146566304e-05,1.80913688583271e-05,8,5.11701184026809e-05,0.151271563578449,0.000758504358493514,0.000423221728110021,8,0.00082951458709564,-7.10102286021267e-05,0.00158801894558915
"188","MHI","Hawaii","HAW_PUNA","2024","POCS",0.000135353908199187,4.98555983037822e-05,8,8,0.0554283199564892,0.0226153974449131,0.945311270912547,0.000127951574982754,4.71290589946538e-05,8,0.000133301108824242,0.0639660035701079,0.00230841517627081,0.0012688815164503,8,0.00248700777224259,-0.000178592595971782,0.0047954229485134
"189","MHI","Hawaii","HAW_PUNA","2024","POSP",0.000562389008510202,0.000279574869285665,8,40,0.0698048602769877,0.00694472553952643,0.591150042447478,0.000332456286252801,0.000165270695845469,8,0.000467456119055002,0.0439223008592904,0.00476265241322173,0.00241455758144818,8,0.00473253285963844,3.01195535832872e-05,0.00949518527286017
"190","MHI","Hawaii","HAW_PUNA","2024","SSSS",0.000822342527085684,0.000323712519051971,8,8,0.190274466576789,0.0642409289051672,0.729859572011173,0.000600194564865344,0.00023626468060993,8,0.000668257431256622,0.181700785834266,0.00315436209420734,0.00163585451327815,8,0.00320627484602518,-5.19127518178422e-05,0.00636063694023251
"191","MHI","Maui","MAI_KIHEI","2024","ACSP",0,0,9,24,0,0,0.925102946161571,0,0,9,0,0,NA,NA,9,NA,NA,NA
"192","MHI","Maui","MAI_KIHEI","2024","MOSP",0.000175304434346134,5.073647348396e-05,9,48,0.112360429658341,0.015891334053764,0.718503797974586,0.000125956901879484,3.64543488940621e-05,9,0.000109363046682186,0.110098391924675,0.00112100765600921,0.000361107926119677,9,0.000707771535194568,0.000413236120814639,0.00182877919120377
"193","MHI","Maui","MAI_KIHEI","2024","POCS",1.46239864563842e-05,7.34200198482117e-06,9,12,0.00232459071593103,0.00232324935922048,0.945311270912547,1.38242192228924e-05,6.94047722731374e-06,9,2.08214316819412e-05,0.00804797185764342,0.00594694761884379,0.00665128940549328,9,0.0130365272347668,-0.00708957961592303,0.0189834748536106
"194","MHI","Maui","MAI_KIHEI","2024","POSP",0.000144318958092013,4.05218494885792e-05,9,60,0.1129917087158,0.0120604512571916,0.591150042447478,8.53141582020694e-05,2.39544930452239e-05,9,7.18634791356718e-05,0.0934198537336988,0.000755047951497521,0.000226803877984189,9,0.00044453560084901,0.000310512350648511,0.00119958355234653
"195","MHI","Maui","MAI_KIHEI","2024","SSSS",0.00034512236775669,5.0693127969139e-05,9,12,0.23218913897296,0.063881146397454,0.729859572011173,0.000251890863622381,3.69988646834634e-05,9,0.00011099659405039,0.221290782412272,0.00108485205094677,0.000338343568017524,9,0.000663153393314348,0.000421698657632423,0.00174800544426112
"196","MHI","Maui","MAI_NE","2024","ACSP",0,0,8,18,0,0,0.925102946161571,0,0,8,0,0,NA,NA,8,NA,NA,NA
"197","MHI","Maui","MAI_NE","2024","MOSP",9.65508880402497e-05,4.55496230102996e-05,8,36,0.000949404125233428,0.000474509932427746,0.718503797974586,6.93721797547384e-05,3.27275771292108e-05,8,9.2567566879483e-05,0.00284705959456648,0.0730691787732458,0.0502194612127192,8,0.0984301439769296,-0.0253609652036838,0.171499322750175
"198","MHI","Maui","MAI_NE","2024","POCS",0.000151511183851609,5.21282155717212e-05,8,9,0.0324334978651354,0.0157266732092814,0.945311270912547,0.000143225229764229,4.9277389712507e-05,8,0.000139377505699544,0.0471800196278442,0.00441596618285782,0.0026255217776552,8,0.0051460226842042,-0.000730056501346381,0.00956198886706201
"199","MHI","Maui","MAI_NE","2024","POSP",0.000220464326847306,6.02640929032628e-05,8,45,0.00561633306171216,0.000601796588521944,0.591150042447478,0.00013032749617394,3.56251210778226e-05,8,0.000100763058778881,0.00403697424168761,0.0232050867962964,0.0068130550774506,8,0.0133535879518032,0.00985149884449322,0.0365586747480996
"200","MHI","Maui","MAI_NE","2024","SSSS",0.000480593441231739,0.000119244213082426,8,9,0.038999235052081,0.0174398096478046,0.729859572011173,0.000350765723328774,8.70315303251486e-05,8,0.000246162341079821,0.0523194289434138,0.00899416931794556,0.00459967003055394,8,0.00901535325988573,-2.11839419401692e-05,0.0180095225778313
"201","MHI","Oahu","OAH_NE","2024","ACSP",0,0,10,34,0,0,0.925102946161571,0,0,10,0,0,NA,NA,10,NA,NA,NA
"202","MHI","Oahu","OAH_NE","2024","MOSP",0.000143127925925926,5.30827781053326e-05,10,68,0.0337954440418421,0.00370646412753992,0.718503797974586,0.000102837958374003,3.81401776757237e-05,10,0.000120609831818794,0.0305642861908198,0.00304295331189255,0.00117687028713948,10,0.00230666576279339,0.000736287549099168,0.00534961907468594
"203","MHI","Oahu","OAH_NE","2024","POCS",5.50674074074074e-05,1.81263257398881e-05,10,17,0.0162388839999623,0.00506342915745917,0.945311270912547,5.20558408821553e-05,1.71350200221484e-05,10,5.41856910225779e-05,0.0208770532440364,0.00320562920963511,0.00145344500481285,10,0.00284875220943319,0.000356877000201911,0.0060543814190683
"204","MHI","Oahu","OAH_NE","2024","POSP",0.000256134740740741,5.42112836257468e-05,10,85,0.044603138249195,0.00441177155293779,0.591150042447478,0.000151414062861163,3.20470026164925e-05,10,0.000101341520449492,0.0406745239677301,0.00339469527940438,0.000793079928540383,10,0.00155443665993915,0.00184025861946523,0.00494913193934353
"205","MHI","Oahu","OAH_NE","2024","SSSS",0.000493188814814815,0.000106038212592441,10,17,0.0970924802537701,0.0173973893078646,0.729859572011173,0.000359958577301439,7.73930044595488e-05,10,0.000244738169055743,0.0717312737263171,0.00370737853601656,0.00103762947639785,10,0.00203375377373978,0.00167362476227677,0.00574113230975634
"206","MHI","Oahu","OAH_SOUTH","2024","ACSP",0,0,9,50,0,0,0.925102946161571,0,0,9,0,0,NA,NA,9,NA,NA,NA
"207","MHI","Oahu","OAH_SOUTH","2024","MOSP",3.83784481249021e-05,2.93300681082541e-05,9,100,0.00278845154409266,0.000721456149056745,0.718503797974586,2.75750607381128e-05,2.10737653306338e-05,9,6.32212959919015e-05,0.00721456149056745,0.00988902274329658,0.00797887249791157,9,0.0156385900959067,-0.0057495673526101,0.0255276128392033
"208","MHI","Oahu","OAH_SOUTH","2024","POCS",1.7625874415904e-05,6.46933788729163e-06,9,25,0.00470275587382756,0.00127371578474084,0.945311270912547,1.66619377450432e-05,6.11553802019834e-06,9,1.8346614060595e-05,0.0063685789237042,0.00354301566827496,0.00161614536038334,9,0.00316764490635134,0.000375370761923624,0.0067106605746263
"209","MHI","Oahu","OAH_SOUTH","2024","POSP",0.000132843476096994,7.07436291909747e-05,9,125,0.0125172097555156,0.00165228983695506,0.591150042447478,7.85304265336086e-05,4.18200993991334e-05,9,0.0001254602981974,0.0184731619698178,0.00627379648239935,0.00344211679743094,9,0.00674654892296465,-0.000472752440565301,0.013020345405364
"210","MHI","Oahu","OAH_SOUTH","2024","SSSS",0.000205020460640916,7.04519609293694e-05,9,25,0.0214033650074827,0.00502526809042086,0.729859572011173,0.000149636145656913,5.14200380512574e-05,9,0.000154260114153772,0.0251263404521043,0.00699124392844766,0.00290965058341186,9,0.00570291514348724,0.00128832878496042,0.0126941590719349
"211","NWHI","French Frigate","French Frigate","2013-15","ACSP",0.000286694969124592,0.000102408073550269,14,52,0.13862379695154,0.0710207720958981,0.925102946161571,0.000265222360586861,9.47380105520847e-05,14,0.000354477176990475,0.512138070829606,0.00191325274894596,0.0011949374637672,14,0.00234207742898372,-0.000428824680037762,0.00425533017792967
"212","NWHI","French Frigate","French Frigate","2013-15","MOSP",3.73063476207773e-05,2.229451694167e-05,14,104,0.00442569446434496,0.00121896343323374,0.718503797974586,2.68047524540886e-05,1.60186950965986e-05,14,5.99364688346678e-05,0.0124310366648298,0.00605662064339003,0.00398539699578582,14,0.00781137811174021,-0.00175475746835019,0.0138679987551302
"213","NWHI","French Frigate","French Frigate","2013-15","POCS",2.74467247850829e-05,1.34600644650583e-05,14,26,0.00261550891828986,0.00100206705214114,0.945311270912547,2.59456982889736e-05,1.27239506460291e-05,14,4.76086639236618e-05,0.00510955945279607,0.00991994258078772,0.00617339152544408,14,0.0120998473898704,-0.00217990480908268,0.0220197899706581
"214","NWHI","French Frigate","French Frigate","2013-15","POSP",0.000321287005085361,7.84225932223853e-05,14,130,0.0646857763680559,0.00519005849590322,0.591150042447478,0.000189928826694034,4.63595193122544e-05,14,0.000173461437881986,0.0591757715185585,0.0029361760398972,0.000754414633841233,14,0.00147865268232882,0.00145752335756838,0.00441482872222602
"215","NWHI","French Frigate","French Frigate","2013-15","SSSS",0.000710900381402107,0.000151911150522861,14,26,0.211727902369107,0.100645757318491,0.729859572011173,0.000518857448112722,0.00011087380730434,14,0.000414851800100035,0.513194680527309,0.00245058606970088,0.00127718655014597,14,0.0025032856382861,-5.26995685852156e-05,0.00495387170798698
"216","NWHI","Pearl & Hermes","Pearl & Hermes","2013-15","ACSP",0,0,13,46,0,0,0.925102946161571,0,0,13,0,0,NA,NA,13,NA,NA,NA
"217","NWHI","Pearl & Hermes","Pearl & Hermes","2013-15","MOSP",7.47273893521488e-06,5.04602563320381e-06,13,92,0.00118587197301282,0.000501474086516315,0.718503797974586,5.36919130622445e-06,3.62558858213405e-06,13,1.30722455366211e-05,0.00480997046447879,0.00452763150526571,0.00360734716043215,13,0.00707040043444702,-0.0025427689291813,0.0115980319397127
"218","NWHI","Pearl & Hermes","Pearl & Hermes","2013-15","POCS",3.14817190506735e-05,5.65181796471891e-06,13,23,0.00174950157782125,0.00105688437720111,0.945311270912547,2.97600238463039e-05,5.3427272231948e-06,13,1.92634769540462e-05,0.00506863941267781,0.0170105727388744,0.0107203590436726,13,0.0210119037255984,-0.00400133098672398,0.0380224764644728
"219","NWHI","Pearl & Hermes","Pearl & Hermes","2013-15","POSP",0.000251044472952748,6.75262381122666e-05,13,115,0.0140682013341708,0.00194382050632916,0.591150042447478,0.000148404950842222,3.99181385263849e-05,13,0.000143926895277955,0.0208451526378427,0.0105489641011716,0.00318994394451088,13,0.00625229013124133,0.00429667396993027,0.0168012542324129
"220","NWHI","Pearl & Hermes","Pearl & Hermes","2013-15","SSSS",0.000489805787185518,5.38726395400696e-05,13,23,0.0178572311515248,0.00694269593533794,0.729859572011173,0.000357489442203818,3.93194616378274e-05,13,0.000141768335058826,0.0332960000234688,0.0200193097782291,0.00808874834382164,13,0.0158539467538904,0.00416536302433871,0.0358732565321195
"221","NWHI","French Frigate","French Frigate","2016","ACSP",0.000257766980467574,7.31864138727774e-05,26,146,0.0494146568610374,0.0161310560734237,0.925102946161571,0.000238460993053725,6.77049670927065e-05,26,0.000345228948372868,0.194912292137811,0.00482571383070247,0.00208780091514168,26,0.00409208979367769,0.000733624037024775,0.00891780362438016
"222","NWHI","French Frigate","French Frigate","2016","MOSP",0.000208467552662999,5.0022244330919e-05,26,292,0.00732287555642572,0.000560925931078427,0.718503797974586,0.000149784728342832,3.5941172534978e-05,26,0.000183264740097258,0.0095851065119596,0.0204543593822782,0.00515208233520854,26,0.0100980813770087,0.0103562780052694,0.0305524407592869
"223","NWHI","French Frigate","French Frigate","2016","POCS",4.33905916358055e-05,1.18512345052946e-05,26,73,0.00279788198431784,0.000658228270110772,0.945311270912547,4.10176153248906e-05,1.12031055520827e-05,26,5.71248538229092e-05,0.00562390480510031,0.0146602378351892,0.00528473707951732,26,0.0103580846758539,0.00430215315933525,0.0250183225110431
"224","NWHI","French Frigate","French Frigate","2016","POSP",0.000404413034569671,9.19438505719717e-05,26,365,0.200166899115885,0.0143163487447491,0.591150042447478,0.000239068782552175,5.43526111684057e-05,26,0.000277145024962422,0.273513458725831,0.00119434723527274,0.000284655926911558,26,0.000557925616746653,0.000636421618526089,0.00175227285201939
"225","NWHI","French Frigate","French Frigate","2016","SSSS",0.00100592762701364,0.000161908422764318,26,73,0.263339310026217,0.0361329975043145,0.729859572011173,0.00073418590732639,0.000118170412143769,26,0.000602553237450381,0.308720466006412,0.00278798447240292,0.000589664351573963,26,0.00115574212908497,0.00163224234331795,0.00394372660148788
"226","NWHI","Pearl & Hermes","Pearl & Hermes","2016","ACSP",0,0,20,150,0.000357145952093467,0.000199190536303636,0.925102946161571,0,0,20,0,0.00243957587767618,0,NA,20,NA,NA,NA
"227","NWHI","Pearl & Hermes","Pearl & Hermes","2016","MOSP",2.94047619047619e-05,1.54695642373276e-05,20,300,0.000121065901588496,3.64990233234664e-05,0.718503797974586,2.11274331071098e-05,1.11149406575317e-05,20,4.97075257522342e-05,0.000632181628228852,0.174511838840652,0.105815454649397,20,0.207398291112818,-0.0328864522721657,0.38191012995347
"228","NWHI","Pearl & Hermes","Pearl & Hermes","2016","POCS",5.06430924923512e-05,1.33992740091511e-05,20,75,0.00370333183265216,0.00163149687568954,0.945311270912547,4.78734861268862e-05,1.26664847428961e-05,20,5.66462418421592e-05,0.0141291774054208,0.0129271392060488,0.00664317573834761,20,0.0130206244471613,-9.34852411125352e-05,0.0259477636532101
"229","NWHI","Pearl & Hermes","Pearl & Hermes","2016","POSP",0.000163466501922021,2.23852952718876e-05,20,375,0.013103323560325,0.00144675343875397,0.591150042447478,9.66332295499435e-05,1.32330682501757e-05,20,5.91800803165741e-05,0.0280162598718121,0.00737471139326324,0.0012972684408058,20,0.00254264614397938,0.00483206524928387,0.00991735753724262
"230","NWHI","Pearl & Hermes","Pearl & Hermes","2016","SSSS",0.000523086216364635,9.0832757918807e-05,20,75,0.0194715415934971,0.00378539548752832,0.729859572011173,0.000381779482000836,6.6295157819215e-05,20,0.000296480958925683,0.0327824865557051,0.0196070496096898,0.00511091745819975,20,0.0100173982180715,0.00958965139161831,0.0296244478277613
"231","NWHI","French Frigate","French Frigate","2017","ACSP",2.64991671300129e-05,8.90950354901402e-06,9,60,0.128861302264467,0.0206990921173026,0.925102946161571,2.45144575828028e-05,8.24220798202985e-06,9,2.47266239460895e-05,0.160334478103852,0.000190239095461653,7.08867117844843e-05,9,0.000138937955097589,5.13011403640639e-05,0.000329177050559242
"232","NWHI","French Frigate","French Frigate","2017","MOSP",0.000117812796971704,8.91127949162912e-05,9,120,0.00885773644048606,0.00165499044382967,0.718503797974586,8.46489420741781e-05,6.40278815954856e-05,9,0.000192083644786457,0.0181295119708199,0.00955649816890838,0.00744573429252084,9,0.0145936392133408,-0.00503714104443246,0.0241501373822492
"233","NWHI","French Frigate","French Frigate","2017","POCS",3.13947899221994e-05,1.43197834885068e-05,9,30,0.00597240457708569,0.00337510992517463,0.945311270912547,2.96778487613867e-05,1.35366527287129e-05,9,4.06099581861386e-05,0.0184862384007772,0.00496916248360864,0.00360873063467719,9,0.00707311204396729,-0.00210394956035865,0.0120422745275759
"234","NWHI","French Frigate","French Frigate","2017","POSP",0.000161559328794247,7.1568236966326e-05,9,150,0.207089280149913,0.00803185287733561,0.591150042447478,9.55058040745052e-05,4.23075663205348e-05,9,0.000126922698961604,0.0983697061928856,0.000461181785968681,0.000205077784599061,9,0.000401952457814159,5.92293281545215e-05,0.00086313424378284
"235","NWHI","French Frigate","French Frigate","2017","SSSS",0.00043688363999979,0.000135686476172696,9,30,0.351943973499394,0.0399218225106059,0.729859572011173,0.00031886370650893,9.90320734271082e-05,9,0.000297096220281325,0.218660827257764,0.00090600700827025,0.00029956601763582,9,0.000587149394566207,0.000318857613704043,0.00149315640283646
"236","NWHI","Pearl & Hermes","Pearl & Hermes","2017","ACSP",0,0,6,44,9.90791239620683e-05,7.00378741306652e-05,0.925102946161571,0,0,6,0,0.000464578699211111,0,NA,6,NA,NA,NA
"237","NWHI","Pearl & Hermes","Pearl & Hermes","2017","MOSP",9.64718190722108e-05,1.21778716385325e-05,6,88,9.90791239620683e-05,4.95242557376832e-05,0.718503797974586,6.93153684009005e-05,8.7498470235326e-06,6,2.1432660535065e-05,0.000464578699211111,0.699596096826991,0.360668870879338,6,0.706910986923502,-0.00731489009651165,1.40650708375049
"238","NWHI","Pearl & Hermes","Pearl & Hermes","2017","POCS",6.82860683227969e-05,8.32804946078202e-06,6,22,0.00177025752384878,0.00066407170506863,0.945311270912547,6.45515900318442e-05,7.8725990199944e-06,6,1.92838505485212e-05,0.00311477239110672,0.0364645195188891,0.014383587358283,6,0.0281918312222348,0.00827268829665434,0.0646563507411239
"239","NWHI","Pearl & Hermes","Pearl & Hermes","2017","POSP",0.000125214807229988,4.80315016069554e-05,6,110,0.0561869947027394,0.0191142106480977,0.591150042447478,7.40207386090602e-05,2.83938242137678e-05,6,6.95503811700129e-05,0.20047153253513,0.00131739985383933,0.000675444882724333,6,0.00132387197013969,-6.47211630036147e-06,0.00264127182397903
"240","NWHI","Pearl & Hermes","Pearl & Hermes","2017","SSSS",0.000609559663728372,0.00013385072314667,6,22,0.0583775458238563,0.0437163053302935,0.729859572011173,0.000444892955284064,9.76922315092146e-05,6,0.000239296119031421,0.205047647482462,0.00762096023403328,0.00594728666678167,6,0.0116566818668921,-0.00403572163285879,0.0192776421009253
"241","NWHI","French Frigate","French Frigate","2024","ACSP",0.000144528015886538,4.25341015549156e-05,23,94,0.024149154984801,0.00660589373883134,0.925102946161571,0.000133703293299523,3.93484226607879e-05,23,0.000188708405789239,0.0640465160359307,0.00553656197840764,0.00222455205327743,23,0.00436012202442376,0.00117643995398388,0.00989668400283139
"242","NWHI","French Frigate","French Frigate","2024","MOSP",4.80478280368415e-05,1.70649847047714e-05,23,188,0.00560586653996937,0.000957239318627117,0.718503797974586,3.45225469289004e-05,1.22612563227565e-05,23,5.88029195880929e-05,0.0131250042768615,0.00615828912136197,0.00242687526177813,23,0.00475667551308513,0.00140161360827684,0.0109149646344471
"243","NWHI","French Frigate","French Frigate","2024","POCS",4.21326450211279e-05,1.31153966442684e-05,23,47,0.00349145755375736,0.000813909763823218,0.945311270912547,3.98284642118296e-05,1.23981322703155e-05,23,5.94593535721799e-05,0.00557988421666597,0.0114074032402221,0.0044363328938185,23,0.00869521247188426,0.00271219076833783,0.0201026157121064
"244","NWHI","French Frigate","French Frigate","2024","POSP",0.000282852376485364,5.59526011390151e-05,23,235,0.0673544422319755,0.0070444398381574,0.591150042447478,0.000167208194365693,3.30763825383756e-05,23,0.000158628758054692,0.107989217836104,0.0024825117516349,0.000555492516911358,23,0.00108876533314626,0.00139374641848864,0.00357127708478116
"245","NWHI","French Frigate","French Frigate","2024","SSSS",0.000541617122418911,0.000104615517463209,23,47,0.101739138761527,0.0257043344185203,0.729859572011173,0.00039530444116259,7.63546368014252e-05,23,0.000366183974123368,0.176220038506576,0.00388547068487743,0.001235678643042,23,0.00242193014036231,0.00146354054451511,0.00630740082523974
"246","NWHI","Pearl & Hermes","Pearl & Hermes","2024","ACSP",0,0,22,82,0.000133976696467312,5.42428452533964e-05,0.925102946161571,0,0,22,0,0.000491189854757893,0,NA,22,NA,NA,NA
"247","NWHI","Pearl & Hermes","Pearl & Hermes","2024","MOSP",2.79388392037557e-05,1.3467307915849e-05,22,164,0.00208644524808287,0.000414492993255255,0.718503797974586,2.00741620788997e-05,9.67631188603071e-06,22,4.53859257672052e-05,0.00530810026271763,0.00962122638844459,0.00501612880918785,22,0.00983161246600819,-0.000210386077563598,0.0194528388544528
"248","NWHI","Pearl & Hermes","Pearl & Hermes","2024","POCS",3.89407887259916e-05,1.21589523418826e-05,22,41,0.00102038482053419,0.000327228492710005,0.945311270912547,3.68111664809041e-05,1.14939946912701e-05,22,5.39116138432603e-05,0.00209528469285005,0.0360757684161087,0.0161472008820473,22,0.0316485137288127,0.00442725468729599,0.0677242821449215
"249","NWHI","Pearl & Hermes","Pearl & Hermes","2024","POSP",7.94687041942412e-05,2.19943517492718e-05,22,205,0.0176960738876653,0.00314380762493926,0.591150042447478,4.69779278576718e-05,1.30019619701868e-05,22,6.0984607333589e-05,0.0450124750312441,0.0026547090702654,0.000873079537244562,22,0.00171123589299934,0.000943473177266058,0.00436594496326474
"250","NWHI","Pearl & Hermes","Pearl & Hermes","2024","SSSS",0.000175689661703982,3.96845399620992e-05,22,41,0.0237344714565898,0.00752334295933624,0.729859572011173,0.000128228781298056,2.8964141352198e-05,22,0.000135853865068103,0.0481728996494457,0.00540263900683804,0.00210284989256298,22,0.00412158578942344,0.00128105321741461,0.00952422479626148
"251","PRIAs","Baker","Baker","2014-15","ACSP",0.000133668988896007,9.83851297636271e-05,15,102,0.179046633743265,0.0189847996785544,0.925102946161571,0.000123657575438134,9.10163734028199e-05,15,0.000352504898421317,0.191737078107375,0.000690644514520428,0.000513586632589521,15,0.00100662979987546,-0.000315985285355033,0.00169727431439589
"252","PRIAs","Baker","Baker","2014-15","MOSP",3.38725176169122e-06,3.37923458651676e-06,15,204,0.0221277233900444,0.00254271400415395,0.718503797974586,2.43375325547125e-06,2.42799288465937e-06,15,9.40357600699585e-06,0.0363172201498381,0.000109986608769984,0.000110451767933895,15,0.000216485465150435,-0.000106498856380451,0.000326472073920419
"253","PRIAs","Baker","Baker","2014-15","POCS",4.71852978859705e-05,2.78781034309197e-05,15,51,0.0127486707230516,0.00313151675807872,0.945311270912547,4.46047939129739e-05,2.63534853849141e-05,15,0.000102066610010293,0.0223635028006017,0.00349877998121964,0.00223869118712004,15,0.00438783472675528,-0.000889054745535635,0.00788661470797492
"254","PRIAs","Baker","Baker","2014-15","POSP",1.59579863335469e-05,6.09734223886483e-06,15,255,0.0118149735429187,0.00134901136621592,0.591150042447478,9.43356429845253e-06,3.60444412332175e-06,15,1.39599520619603e-05,0.0215419840050966,0.000798441423857995,0.000318404250423232,15,0.000624072330829535,0.000174369093028459,0.00142251375468753
"255","PRIAs","Baker","Baker","2014-15","SSSS",0.000235426676275891,0.000100486707784234,15,51,0.277366316948688,0.0274959399252959,0.729859572011173,0.000171828413186735,7.33411855362129e-05,15,0.000284049190172861,0.196360287052015,0.000619499927305602,0.000271457896338253,15,0.000532057476822975,8.74424504826269e-05,0.00115155740412858
"256","PRIAs","Howland","Howland","2014-15","ACSP",2.0147933751407e-05,1.05865501086611e-05,21,110,0.0850181979657204,0.0112643132184628,0.925102946161571,1.86389128724948e-05,9.79364869520949e-06,21,4.4880136475603e-05,0.118141113720838,0.000219234391206575,0.000118800487351908,21,0.000232848955209741,-1.36145640031656e-05,0.000452083346416315
"257","PRIAs","Howland","Howland","2014-15","MOSP",5.53143592217398e-05,1.70283444407191e-05,21,220,0.0758402324380593,0.00655805630706187,0.718503797974586,3.97435771833506e-05,1.22349301538761e-05,21,5.60674935526349e-05,0.0972716945254408,0.00052404345168391,0.00016756858960581,21,0.000328434435627388,0.000195609016056521,0.000852477887311298
"258","PRIAs","Howland","Howland","2014-15","POCS",4.91598327705419e-05,1.56729983775713e-05,21,55,0.0112427812503373,0.00166848675453199,0.945311270912547,4.64713439941692e-05,1.48158620153122e-05,21,6.78948091711892e-05,0.0123738289446993,0.00413343842234545,0.00145358681174455,21,0.00284903015101932,0.00128440827132613,0.00698246857336477
"259","PRIAs","Howland","Howland","2014-15","POSP",8.41574208072037e-05,2.8434322205429e-05,21,275,0.0214836626628508,0.00150986731695891,0.591150042447478,4.97496628824488e-05,1.68089507787046e-05,21,7.70282892962009e-05,0.0250383168678666,0.00231569745174202,0.000799153273369889,21,0.00156634041580498,0.000749357035937035,0.003882037867547
"260","PRIAs","Howland","Howland","2014-15","SSSS",0.000234909149380929,3.71677339582981e-05,21,55,0.243757828566586,0.0189892646053277,0.729859572011173,0.000171450691228674,2.71272263994286e-05,21,0.000124312568369586,0.140828155437091,0.000703364861087279,0.000124045461752821,21,0.00024312910503553,0.00046023575605175,0.000946493966122809
"261","PRIAs","Baker","Baker","2017-18","ACSP",8.83728379244074e-05,6.26464279720616e-05,10,46,0.169129697195145,0.0215789603680893,0.925102946161571,8.17539727245283e-05,5.79543950834529e-05,10,0.000183267888880975,0.146355629909164,0.000483380352950073,0.000348168333105337,10,0.000682409932886461,-0.000199029579936388,0.00116579028583653
"262","PRIAs","Baker","Baker","2017-18","MOSP",1.80653427290198e-05,1.80225844614227e-05,10,92,0.0220833076926527,0.00359806484361037,0.718503797974586,1.29800173625133e-05,1.294929538485e-05,10,4.09492675104325e-05,0.0345114255998198,0.000587775053590902,0.000594152644095816,10,0.0011645391824278,-0.000576764128836897,0.0017523142360187
"263","PRIAs","Baker","Baker","2017-18","POCS",1.80653427290198e-05,1.80225844614227e-05,10,23,0.0110181963422736,0.00206538352008928,0.945311270912547,1.70773720946404e-05,1.70369522223562e-05,10,5.38755734101131e-05,0.00990523139337476,0.00154992446713983,0.00157331468367881,10,0.00308369678001047,-0.00153377231287064,0.0046336212471503
"264","PRIAs","Baker","Baker","2017-18","POSP",0,0,10,115,0.0145015481375066,0.00239629973154336,0.591150042447478,0,0,10,0,0.0256974517489653,0,NA,10,NA,NA,NA
"265","PRIAs","Baker","Baker","2017-18","SSSS",0.000148750800768738,8.60363024531494e-05,10,23,0.23627463385337,0.0314099648637181,0.729859572011173,0.00010856719578539,6.27944188858795e-05,10,0.000198573388026072,0.150636899639564,0.000459495774111606,0.000272698313157148,10,0.00053448869378801,-7.49929196764048e-05,0.000993984467899616
"266","PRIAs","Howland","Howland","2017-18","ACSP",2.58321273516643e-05,2.22099393978468e-05,9,42,0.0696318159598419,0.0167124471820878,0.925102946161571,2.38973771186456e-05,2.0546480371018e-05,9,6.16394411130541e-05,0.108309036622948,0.00034319623564647,0.000306354648254991,9,0.000600455110579783,-0.000257258874933312,0.000943651346226253
"267","PRIAs","Howland","Howland","2017-18","MOSP",1.94163048721659e-06,1.91735915202673e-06,9,84,0.0952786445599777,0.0108718943212461,0.718503797974586,1.39506887932837e-06,1.37762983281254e-06,9,4.13288949843761e-06,0.0996425573493414,1.46419891442743e-05,1.45551648296151e-05,9,2.85281230660456e-05,-1.38861339217713e-05,4.317011221032e-05
"268","PRIAs","Howland","Howland","2017-18","POCS",5.12140215468724e-05,2.6292145989502e-05,9,21,0.014789506154354,0.00351786731905915,0.945311270912547,4.84131917970165e-05,2.48542619403544e-05,9,7.45627858210631e-05,0.0161208932743999,0.0032734826499101,0.00185215305639155,9,0.00363021999052743,-0.000356737340617326,0.00690370264043753
"269","PRIAs","Howland","Howland","2017-18","POSP",5.82489146164978e-06,3.67146325491019e-06,9,105,0.0416419612444584,0.00390079266228126,0.591150042447478,3.44338483480622e-06,2.17038565898452e-06,9,6.51115697695355e-06,0.0399712303586125,8.26902655855207e-05,5.26926099565568e-05,9,0.000103277515514851,-2.05872499293307e-05,0.000185967781100372
"270","PRIAs","Howland","Howland","2017-18","SSSS",9.95497668435439e-05,4.07124868314292e-05,9,21,0.237572209944107,0.0250494030668769,0.729859572011173,7.2657350222241e-05,2.97143982142974e-05,9,8.91431946428923e-05,0.114790785667422,0.000305832699200529,0.000129165258647328,9,0.000253163906948763,5.26687922517657e-05,0.000558996606149293
"271","PRIAs","Baker","Baker","2023","ACSP",0.000329761904761905,7.34995292768753e-05,17,60,0.203907877649025,0.0170940497420876,0.925102946161571,0.00030506370962709,6.7994631075526e-05,17,0.000280349045899299,0.132409939940693,0.00149608594402703,0.000356264223706136,17,0.000698277878464027,0.000797808065563001,0.00219436382249105
"272","PRIAs","Baker","Baker","2023","MOSP",7.47811232116165e-05,2.09577173242517e-05,17,120,0.0298216104824911,0.00276961753838514,0.718503797974586,5.37305210443519e-05,1.50581994943526e-05,17,6.20865470468383e-05,0.0303396400287095,0.0018017310324638,0.000531946346143826,17,0.0010426148384419,0.000759116194021897,0.00284434587090569
"273","PRIAs","Baker","Baker","2023","POCS",7.64307068118727e-05,2.58408246042192e-05,17,30,0.0268474833431708,0.00797708569858063,0.945311270912547,7.22508085930757e-05,2.44276227480427e-05,17,0.000100717668772921,0.0436922978026447,0.00269115759080838,0.00121129586808695,17,0.00237413990145042,0.000317017689357964,0.0050652974922588
"274","PRIAs","Baker","Baker","2023","POSP",1.46433909886825e-05,4.41184783636191e-06,17,150,0.0103388942425113,0.00101954384300458,0.591150042447478,8.65644120453468e-06,2.60806403573716e-06,17,1.0753323497719e-05,0.0124868109287873,0.000837269537871979,0.000265425848810234,17,0.000520234663668059,0.00031703487420392,0.00135750420154004
"275","PRIAs","Baker","Baker","2023","SSSS",0.000547437540038437,0.000101199127856715,17,30,0.303464813404698,0.0218657814448441,0.729859572011173,0.000399552528675303,7.3861152145406e-05,17,0.000304537331925326,0.11976381734819,0.00131663544182456,0.00026122805512567,17,0.000512006988046313,0.00080462845377825,0.00182864242987088
"276","PRIAs","Howland","Howland","2023","ACSP",0.000113492522913652,3.4194383857548e-05,19,56,0.229047976471781,0.0287222971743912,0.925102946161571,0.000104992267314729,3.16333252487973e-05,19,0.000137886468007661,0.214937990775354,0.000458385482954329,0.000149592226496005,19,0.000293200763932169,0.00016518471902216,0.000751586246886498
"277","PRIAs","Howland","Howland","2023","MOSP",0.000169524843222383,6.26495565469855e-05,19,112,0.0860873574847668,0.00612817549100696,0.718503797974586,0.000121804243706328,4.50139443204327e-05,19,0.000196211234342933,0.0648545133590623,0.00141489119035721,0.000532498921576505,19,0.00104369788628995,0.000371193304067261,0.00245858907664716
"278","PRIAs","Howland","Howland","2023","POCS",0.000162691751085383,3.65815211447972e-05,19,28,0.0422057273183647,0.00745064178099511,0.945311270912547,0.000153794345985511,3.45809242453025e-05,19,0.000150734754159509,0.0394250905206809,0.00364392123432479,0.00104168791957707,19,0.00204170832237106,0.00160221291195373,0.00568562955669586
"279","PRIAs","Howland","Howland","2023","POSP",0.000131956102267245,6.65304620459638e-05,19,140,0.0538731916205987,0.00625797635804047,0.591150042447478,7.80058554564857e-05,3.93294854625219e-05,19,0.000171433252632585,0.0740453748298372,0.001447953111927,0.000749163273084757,19,0.00146836001524612,-2.040690331912e-05,0.00291631312717313
"280","PRIAs","Howland","Howland","2023","SSSS",0.000602867824409069,0.000125859358506148,19,28,0.431300177355344,0.0412054274986281,0.729859572011173,0.00044000885230251,9.1859657532898e-05,19,0.000400406964174157,0.218038627654945,0.0010201916794947,0.000234225490399549,19,0.000459081961183116,0.000561109718311583,0.00147927364067782
"281","SAMOA","Ofu & Olosega","Ofu & Olosega","2015","ACSP",4.41584526059951e-05,7.78555129985455e-06,31,NA,NA,NA,0.925102946161571,4.08511146037422e-05,7.2024364449875e-06,31,4.01014689639495e-05,NA,NA,NA,31,NA,NA,NA
"282","SAMOA","Ofu & Olosega","Ofu & Olosega","2015","MOSP",9.56428908992709e-05,1.99188414199022e-05,31,NA,NA,NA,0.718503797974586,6.87197803603951e-05,1.43117632114532e-05,31,7.9684525177991e-05,NA,NA,NA,31,NA,NA,NA
"283","SAMOA","Ofu & Olosega","Ofu & Olosega","2015","POCS",2.38610023404447e-05,5.03772680894874e-06,31,NA,NA,NA,0.945311270912547,2.2556074447693e-05,4.76221993227754e-06,31,2.65149184268937e-05,NA,NA,NA,31,NA,NA,NA
"284","SAMOA","Ofu & Olosega","Ofu & Olosega","2015","POSP",6.47588666846701e-05,1.6824646429238e-05,31,NA,NA,NA,0.591150042447478,3.82822067894933e-05,9.94589045080786e-06,31,5.53763744086194e-05,NA,NA,NA,31,NA,NA,NA
"285","SAMOA","Ofu & Olosega","Ofu & Olosega","2015","SSSS",0.000639547045188586,9.55626169603644e-05,31,NA,NA,NA,0.729859572011173,0.000466779532682352,6.97472907149592e-05,31,0.000388336479646695,NA,NA,NA,31,NA,NA,NA
"286","SAMOA","Tutuila","TUT_NE_OPEN","2015","ACSP",1.20584422205713e-05,5.41786845971785e-06,17,NA,NA,NA,0.925102946161571,1.11553004243696e-05,5.01208607400084e-06,17,2.06653602877928e-05,NA,NA,NA,17,NA,NA,NA
"287","SAMOA","Tutuila","TUT_NE_OPEN","2015","MOSP",7.20561479409751e-05,1.76601987229012e-05,17,NA,NA,NA,0.718503797974586,5.17726159630092e-05,1.26889198553904e-05,17,5.2317756838772e-05,NA,NA,NA,17,NA,NA,NA
"288","SAMOA","Tutuila","TUT_NE_OPEN","2015","POCS",7.22632521959533e-06,3.51819120524445e-06,17,NA,NA,NA,0.945311270912547,6.83112667736305e-06,3.32578579954298e-06,17,1.3712566139695e-05,NA,NA,NA,17,NA,NA,NA
"289","SAMOA","Tutuila","TUT_NE_OPEN","2015","POSP",0.000105545018864077,6.0485312008453e-05,17,NA,NA,NA,0.591150042447478,6.2392942381619e-05,3.5755894761246e-05,17,0.000147425330839086,NA,NA,NA,17,NA,NA,NA
"290","SAMOA","Tutuila","TUT_NE_OPEN","2015","SSSS",0.00025105500444289,6.06963595828699e-05,17,NA,NA,NA,0.729859572011173,0.000183234898093951,4.42998190277897e-05,17,0.000182652833047324,NA,NA,NA,17,NA,NA,NA
"291","SAMOA","Tutuila","TUT_NW_OPEN","2015","ACSP",1.83351593170821e-05,9.33815022661054e-06,8,NA,NA,NA,0.925102946161571,1.69619099025744e-05,8.63875028633676e-06,8,2.44340756337838e-05,NA,NA,NA,8,NA,NA,NA
"292","SAMOA","Tutuila","TUT_NW_OPEN","2015","MOSP",0.000108149365470647,2.7606690411073e-05,8,NA,NA,NA,0.718503797974586,7.77057298392014e-05,1.98355119098645e-05,8,5.61032999190869e-05,NA,NA,NA,8,NA,NA,NA
"293","SAMOA","Tutuila","TUT_NW_OPEN","2015","POCS",1.47520085821236e-05,6.64422683890707e-06,8,NA,NA,NA,0.945311270912547,1.39452399812801e-05,6.2808625173185e-06,8,1.77649619107853e-05,NA,NA,NA,8,NA,NA,NA
"294","SAMOA","Tutuila","TUT_NW_OPEN","2015","POSP",6.58504519309778e-05,1.60923518370718e-05,8,NA,NA,NA,0.591150042447478,3.89274974541832e-05,9.51299447156475e-06,8,2.69068116009343e-05,NA,NA,NA,8,NA,NA,NA
"295","SAMOA","Tutuila","TUT_NW_OPEN","2015","SSSS",0.000307090979640281,7.76256634192243e-05,8,NA,NA,NA,0.729859572011173,0.000224133290968747,5.66558334802384e-05,8,0.00016024689619061,NA,NA,NA,8,NA,NA,NA
"296","SAMOA","Ofu & Olosega","Ofu & Olosega","2018","ACSP",3.03875236294896e-05,1.39835862831718e-05,18,76,0.0167925270468802,0.00219894881993048,0.925102946161571,2.81115876361952e-05,1.29362568684668e-05,18,5.48838897291834e-05,0.0191699913761899,0.00167405343803915,0.000800940812079086,18,0.00156984399167501,0.000104209446364141,0.00324389742971416
"297","SAMOA","Ofu & Olosega","Ofu & Olosega","2018","MOSP",0.000173357187865695,3.72171288540413e-05,18,152,0.0700713138199343,0.00434004616217585,0.718503797974586,0.000124557797887696,2.67406484313382e-05,18,0.000113450963034748,0.0535076826712971,0.00177758616325902,0.000397185167774592,18,0.000778482928838201,0.000999103234420818,0.00255606909209722
"298","SAMOA","Ofu & Olosega","Ofu & Olosega","2018","POCS",2.37240075614367e-05,7.23610725867835e-06,18,38,0.0145812552414286,0.00186576096142214,0.945311270912547,2.24265717390406e-05,6.84037374916074e-06,18,2.9021247983292e-05,0.0115013229967835,0.00153804122949043,0.000508729306105511,18,0.000997109439966802,0.000540931789523627,0.00253515066945723
"299","SAMOA","Ofu & Olosega","Ofu & Olosega","2018","POSP",2.15782248627239e-05,7.9470732430552e-06,18,190,0.0438607744478614,0.00454488382977941,0.591150042447478,1.27559685435405e-05,4.6979126849653e-06,18,1.99315555017676e-05,0.0626469002822659,0.000290828620883196,0.000111268368102251,18,0.000218086001480412,7.27426194027839e-05,0.000508914622363609
"300","SAMOA","Ofu & Olosega","Ofu & Olosega","2018","SSSS",0.000533001395265101,9.4428094809201e-05,18,38,0.287348254872371,0.0194021622101268,0.729859572011173,0.000389016170229545,6.89192488632739e-05,18,0.000292399609353026,0.119602960415981,0.00135381427808681,0.000256674939401199,18,0.000503082881226351,0.000850731396860464,0.00185689715931317
"301","SAMOA","Tutuila","TUT_NE_OPEN","2018","ACSP",0,0,9,58,0.0375499081929643,0.0077642530615383,0.925102946161571,0,0,9,0,0.0591307896531849,0,NA,9,NA,NA,NA
"302","SAMOA","Tutuila","TUT_NE_OPEN","2018","MOSP",0.000147060552616108,3.95159071016522e-05,9,116,0.134195163946034,0.0125094915686673,0.718503797974586,0.000105663565586915,2.8392329332948e-05,9,8.5176987998844e-05,0.134731347501465,0.000787387283415127,0.000223945038908146,9,0.000438932276259966,0.000348455007155161,0.00122631955967509
"303","SAMOA","Tutuila","TUT_NE_OPEN","2018","POCS",8.03938859494414e-06,3.58545111761171e-06,9,29,0.00992286297366697,0.00223766737070776,0.945311270912547,7.59972465004648e-06,3.38936735278434e-06,9,1.0168102058353e-05,0.0120502075748086,0.000765880237408743,0.000382753325037144,9,0.000750196517072802,1.56837203359409e-05,0.00151607675448154
"304","SAMOA","Tutuila","TUT_NE_OPEN","2018","POSP",3.25494806976289e-05,1.34739532075532e-05,9,145,0.064099100186,0.00621619016240763,0.591150042447478,1.92416268960467e-05,7.96512801058041e-06,9,2.38953840317412e-05,0.0748528417603897,0.000300185600737174,0.000127627159032277,9,0.000250149231703264,5.00363690339104e-05,0.000550334832440437
"305","SAMOA","Tutuila","TUT_NE_OPEN","2018","SSSS",0.000305295904369979,6.72360162411646e-05,9,29,0.297859514066403,0.0393658054992475,0.729859572011173,0.000222823138100237,4.90728500375127e-05,9,0.000147218550112538,0.21199135037905,0.000748081318801058,0.000192140636809089,9,0.000376595648145814,0.000371485670655244,0.00112467696694687
"306","SAMOA","Tutuila","TUT_NW_OPEN","2018","ACSP",4.14041815027846e-06,2.94534171493346e-06,13,70,0.00749255139259223,0.00126146847275559,0.925102946161571,3.83031302916345e-06,2.72474429793752e-06,13,9.82420527874185e-06,0.0105542024588759,0.00051121611697591,0.000373706993627914,13,0.000732465707510711,-0.000221249590534801,0.00124368182448662
"307","SAMOA","Tutuila","TUT_NW_OPEN","2018","MOSP",0.000204889071487264,7.63259473954175e-05,13,140,0.0949754984830292,0.00995566789896491,0.718503797974586,0.000147213576027086,5.48404830876159e-05,13,0.000197730173743615,0.11779705116864,0.00155001635556975,0.000599841435836869,13,0.00117568921424026,0.000374327141329492,0.00272570556981002
"308","SAMOA","Tutuila","TUT_NW_OPEN","2018","POCS",9.83064000730394e-06,8.22474666455682e-06,13,35,0.00388388991300744,0.00100818314514257,0.945311270912547,9.29301479918822e-06,7.77494572240594e-06,13,2.8032965466084e-05,0.00596449192263974,0.0023927080857944,0.00209598425491222,13,0.00410812913962796,-0.00171542105383356,0.00650083722542236
"309","SAMOA","Tutuila","TUT_NW_OPEN","2018","POSP",7.21491828722724e-05,2.95742510913197e-05,13,175,0.0413361629585275,0.00292433603943693,0.591150042447478,4.26509925174947e-05,1.7482819787986e-05,13,6.30352031852801e-05,0.0386853295516684,0.00103180821500743,0.00042919540436833,13,0.000841222992561927,0.000190585222445508,0.00187303120756936
"310","SAMOA","Tutuila","TUT_NW_OPEN","2018","SSSS",0.000427083903953255,0.000127390672540492,13,35,0.186059629222916,0.0254754053430862,0.729859572011173,0.000311711275352184,9.2977301738619e-05,13,0.000335234428872878,0.1507145305165,0.00167532998240433,0.000549851218472602,13,0.0010777083882063,0.00059762159419803,0.00275303837061063
"311","SAMOA","Ofu & Olosega","Ofu & Olosega","2023","ACSP",2.90449389929541e-05,1.03397535753602e-05,24,94,0.0296364524468788,0.00256790040175794,0.925102946161571,2.68695586334649e-05,9.56533649515036e-06,24,4.68603872622808e-05,0.0248967181069065,0.00090663883208109,0.000332178474359607,24,0.00065106980974483,0.000255569022336261,0.00155770864182592
"312","SAMOA","Ofu & Olosega","Ofu & Olosega","2023","MOSP",0.00011018860628974,2.34455073557536e-05,24,188,0.0505050780393165,0.0034761051405855,0.718503797974586,7.91709321127045e-05,1.68456860805501e-05,24,8.25266705289054e-05,0.0476619523970654,0.00156758360121873,0.000350560288638967,24,0.000687098165732376,0.00088048543548635,0.0022546817669511
"313","SAMOA","Ofu & Olosega","Ofu & Olosega","2023","POCS",7.76393423841439e-05,1.71565663613981e-05,24,47,0.016701767561401,0.00203502330215163,0.945311270912547,7.33933454219694e-05,1.62182955515887e-05,24,7.94530971980851e-05,0.0139514168633191,0.00439434599674269,0.00110888526955334,24,0.00217341512832454,0.00222093086841815,0.00656776112506723
"314","SAMOA","Ofu & Olosega","Ofu & Olosega","2023","POSP",0.000170978690496649,5.87090658509578e-05,24,235,0.0461307054144353,0.00552231632007385,0.591150042447478,0.000101074060144708,3.47058667698455e-05,24,0.000170023329334272,0.0846555061508357,0.00219103651757903,0.000796748201540555,24,0.00156162647501949,0.000629410042559537,0.00375266299259851
"315","SAMOA","Ofu & Olosega","Ofu & Olosega","2023","SSSS",0.00100255986137366,0.00011007535226161,24,47,0.316432056558874,0.0187707071946448,0.729859572011173,0.000731727911337761,8.03395494906378e-05,24,0.000393581804834278,0.128685485131748,0.002312432941514,0.000288578600370697,24,0.000565614056726567,0.00174681888478743,0.00287804699824056
"316","SAMOA","Tutuila","TUT_NE_OPEN","2023","ACSP",2.20548247850175e-05,1.10672110070161e-05,18,48,0.093201768044061,0.01386277552321,0.925102946161571,2.04029833856969e-05,1.02383095083824e-05,18,4.34374684875833e-05,0.0960441261604876,0.000218911977893504,0.000114575107456672,18,0.000224567210615077,-5.65523272157367e-06,0.000443479188508581
"317","SAMOA","Tutuila","TUT_NE_OPEN","2023","MOSP",0.000148041789877978,3.39084919777795e-05,18,96,0.176943194163461,0.0125862228101101,0.718503797974586,0.000106368588286283,2.43633802696253e-05,18,0.000103365068407672,0.123319294694993,0.000601145405954519,0.000144177300847937,18,0.000282587509661957,0.000318557896292562,0.000883732915616476
"318","SAMOA","Tutuila","TUT_NE_OPEN","2023","POCS",1.72975935556235e-05,6.76514405261502e-06,18,24,0.0121216016252619,0.00280252945085767,0.945311270912547,1.63516101477951e-05,6.39516692228396e-06,18,2.71323953854014e-05,0.0137295342874473,0.00134896448945474,0.000612875000821606,18,0.00120123500161035,0.00014772948784439,0.00255019949106508
"319","SAMOA","Tutuila","TUT_NE_OPEN","2023","POSP",8.75972944495429e-05,2.1127747182988e-05,18,120,0.0744219742230808,0.00891345327056847,0.591150042447478,5.17831443321316e-05,1.2489668644043e-05,18,5.29891763578546e-05,0.097641988431171,0.000695804496893766,0.000187374495477158,18,0.00036725401113523,0.000328550485758536,0.001063058508029
"320","SAMOA","Tutuila","TUT_NE_OPEN","2023","SSSS",0.000351423727949424,6.69410765642169e-05,18,24,0.427418667917161,0.0412000623489173,0.729859572011173,0.000256489971675738,4.88575854911265e-05,18,0.000207285180079062,0.201838260251401,0.000600090709480777,0.000128110915262134,18,0.000251097393913783,0.000348993315566994,0.00085118810339456
"321","SAMOA","Tutuila","TUT_NW_OPEN","2023","ACSP",5.02790298347284e-05,4.06673052227631e-05,6,38,0.0534318755948131,0.0101574449135281,0.925102946161571,4.65132786302528e-05,3.762144387403e-05,6,9.21533408781295e-05,0.0626146956593389,0.000870515551109871,0.00072328689346981,6,0.00141764231120083,-0.000547126760090957,0.0022881578623107
"322","SAMOA","Tutuila","TUT_NW_OPEN","2023","MOSP",0.000102487121699936,4.77915455428816e-05,6,76,0.134486385932536,0.0124068020605951,0.718503797974586,7.36373861848876e-05,3.43384069836358e-05,6,8.41115756899302e-05,0.108159992789292,0.000547545282552445,0.000260278593110271,6,0.000510146042496132,3.73992400563133e-05,0.00105769132504858
"323","SAMOA","Tutuila","TUT_NW_OPEN","2023","POCS",5.29056664520284e-05,2.95041230004281e-05,6,19,0.0076949518157642,0.00201128155383199,0.945311270912547,5.00123227922423e-05,2.78905800106948e-05,6,6.83176896564704e-05,0.00876697304016111,0.0064993678959477,0.00400288400026508,6,0.00784565264051956,-0.00134628474457186,0.0143450205364673
"324","SAMOA","Tutuila","TUT_NW_OPEN","2023","POSP",0.000122338484653359,6.4869627228049e-05,6,95,0.0606464758136974,0.00829498385728563,0.591150042447478,7.23204003957934e-05,3.83476828894133e-05,6,9.39322558971198e-05,0.0808495017504732,0.00119249139254122,0.000653012546544239,6,0.00127990459122671,-8.74131986854901e-05,0.00247239598376793
"325","SAMOA","Tutuila","TUT_NW_OPEN","2023","SSSS",0.000388935393861344,0.000101594120852972,6,19,0.300491326852784,0.0297191175710657,0.729859572011173,0.000283868220103638,7.41494415646016e-05,6,0.000181628296545592,0.129542630183479,0.000944680244440831,0.000263856196565386,6,0.000517158145268156,0.000427522099172675,0.00146183838970899
