"","REGION","ISLAND","ANALYSIS_SEC","ANALYSIS_YEAR","GENUS_CODE","Mean_JuvColDen_cm2","SE_JuvColDen_cm2","N.JCD","SEC_YEAR","COVER","SE.COVER","N.COVER","P_COVER","SE.P_COVER","meanPropRec","Mean_JuvColDenP","SE_JuvColDenP","N.JCDp","SD_JuvColDenP","SD.P_COVER","MN.RecVal","SE.RecVal","N.RecVal","CI95.RecVal","LOW_CI95.RecVal","HIGH_CI95.RecVal"
"1","MARIAN","Asuncion","Asuncion",2014,"ACSP",1.46154706013861e-06,1.45313924123026e-06,12,"Asuncion-2014",0.0791361043628898,0.0252105874686375,66,0.000791361043628898,0.000252105874686375,0.919723551302499,1.34421925254641e-06,1.33648638348131e-06,12,4.62972463962723e-06,0.00204811780798645,0.00169861691243014,0.00177342127426043,12,0.00347590569755045,-0.00177728878512032,0.00517452260998059
"2","MARIAN","Asuncion","Asuncion",2014,"MOSP",1.10670970266041e-05,7.03487246304256e-06,12,"Asuncion-2014",1.5493129551665,0.156946082544293,132,0.015493129551665,0.00156946082544293,0.907324835658169,1.00414519908766e-05,6.38291450140627e-06,12,2.21110644336077e-05,0.0180317320660884,0.000648122895854663,0.000417182264057503,12,0.000817677237552706,-0.000169554341698043,0.00146580013340737
"3","MARIAN","Asuncion","Asuncion",2014,"POCS",0.000174177006483345,4.8745971939846e-05,12,"Asuncion-2014",9.37523499308798,1.66208026588179,33,0.0937523499308798,0.0166208026588179,0.981439393939394,0.000170944175681192,4.78412171576292e-05,12,0.000165726837625899,0.0954792421093253,0.00182335883641555,0.000604062663533071,12,0.00118396282052482,0.000639396015890726,0.00300732165694036
"4","MARIAN","Asuncion","Asuncion",2014,"POSP",3.5601106639839e-05,1.18329315571725e-05,12,"Asuncion-2014",1.31121436675437,0.251838960788746,165,0.0131121436675437,0.00251838960788746,0.714965542006746,2.54535645047924e-05,8.46013832430256e-06,12,2.93067788335053e-05,0.0323493002370078,0.00194122068444058,0.000745192446068756,12,0.00146057719429476,0.000480643490145822,0.00340179787873535
"5","MARIAN","Asuncion","Asuncion",2014,"SSSS",0.000456722976749385,6.66853886047041e-05,12,"Asuncion-2014",18.0368520023742,1.92491007913643,33,0.180368520023742,0.0192491007913643,0.829119129059751,0.000378677756704027,5.52901313209433e-05,12,0.000191530633210058,0.110577665385517,0.00209946700596191,0.000379694941334631,12,0.000744202085015877,0.00135526492094604,0.00284366909097779
"6","MARIAN","Guam","GUA_WEST_OPEN",2014,"ACSP",3.53332959683145e-06,2.11859610653533e-06,11,"GUA_WEST_OPEN-2014",0.00650336609411723,0.00458414012623662,74,6.50336609411723e-05,4.58414012623662e-05,0.919723551302499,3.24968644472005e-06,1.94852273487832e-06,11,6.46251880706854e-06,0.000394342644355893,0.0499692989398156,0.0462422658531058,11,0.0906348410720874,-0.0406655421322718,0.140604140011903
"7","MARIAN","Guam","GUA_WEST_OPEN",2014,"MOSP",3.86727945297613e-06,2.23169593735631e-06,11,"GUA_WEST_OPEN-2014",0.176527871322173,0.0337573888312998,148,0.00176527871322173,0.000337573888312998,0.907324835658169,3.50887869411578e-06,2.02487314960082e-06,11,6.71574448529109e-06,0.00410676359807476,0.00198771937135745,0.0012083962354165,11,0.00236845662141633,-0.000380737250058884,0.00435617599277378
"8","MARIAN","Guam","GUA_WEST_OPEN",2014,"POCS",3.17724096700668e-05,1.14487443829787e-05,11,"GUA_WEST_OPEN-2014",0.0888465674173871,0.0318738922584643,37,0.000888465674173871,0.000318738922584643,0.981439393939394,3.11826944905845e-05,1.12362487485977e-05,11,3.72664211501988e-05,0.00193881317524549,0.0350972416796849,0.017846011450091,11,0.0349781824421785,0.000119059237506415,0.0700754241218633
"9","MARIAN","Guam","GUA_WEST_OPEN",2014,"POSP",7.15570470425587e-05,1.82546064929827e-05,11,"GUA_WEST_OPEN-2014",11.1844657949457,1.12492958497225,185,0.111844657949456,0.0112492958497225,0.714965542006746,5.11608229231852e-05,1.30514146253752e-05,11,4.32866452957265e-05,0.153006965744041,0.000457427505802782,0.000125434557419055,11,0.000245851732541347,0.000211575773261434,0.000703279238344129
"10","MARIAN","Guam","GUA_WEST_OPEN",2014,"SSSS",0.000344915788588723,6.9051569939579e-05,11,"GUA_WEST_OPEN-2014",13.989514998149,2.67370659293974,37,0.13989514998149,0.0267370659293974,0.829119129059751,0.000285976278233639,5.72519775285122e-05,11,0.000189883327967934,0.162635222805452,0.00204421867571161,0.000565798461823429,11,0.00110896498517392,0.000935253690537693,0.00315318366088554
"11","MARIAN","Maug","Maug",2014,"ACSP",2.33412951167728e-06,1.90714353063459e-06,19,"Maug-2014",0.839377199361106,0.117250810659341,118,0.00839377199361106,0.00117250810659341,0.919723551302499,2.1467538836798e-06,1.75404482083883e-06,19,7.64570411647737e-06,0.012736698186077,0.000255755563209699,0.000212001695899011,19,0.000415523323962061,-0.000159767760752362,0.000671278887171761
"12","MARIAN","Maug","Maug",2014,"MOSP",1.38815684713376e-05,5.35520265508745e-06,19,"Maug-2014",1.97518291926062,0.128475569861117,236,0.0197518291926062,0.00128475569861117,0.907324835658169,1.2595091831934e-05,4.85890836894341e-06,19,2.11794905561484e-05,0.0197367915428744,0.000637667109669458,0.000249470046912623,19,0.00048896129194874,0.000148705817720718,0.0011266284016182
"13","MARIAN","Maug","Maug",2014,"POCS",0.000146325504246284,3.98780220773731e-05,19,"Maug-2014",8.34274144098998,1.07625478812561,59,0.0834274144098998,0.0107625478812561,0.981439393939394,0.000143609614205349,3.91378618191188e-05,19,0.000170597984535798,0.0826686988943426,0.00172137198810644,0.000519028969776848,19,0.00101729678076262,0.00070407520734382,0.00273866876886906
"14","MARIAN","Maug","Maug",2014,"POSP",3.57182192144374e-05,1.39193543302618e-05,19,"Maug-2014",2.40050979307482,0.264223616596794,295,0.0240050979307482,0.00264223616596794,0.714965542006746,2.5537295960166e-05,9.95185871311957e-06,19,4.33791464308829e-05,0.0453818964702991,0.0010638280266066,0.000430792125812153,19,0.000844352566591821,0.000219475460014776,0.00190818059319842
"15","MARIAN","Maug","Maug",2014,"SSSS",0.000528313296178344,8.43385777721343e-05,19,"Maug-2014",27.979456007601,1.52931867792392,59,0.27979456007601,0.0152931867792392,0.829119129059751,0.000438034659998075,6.99267281485701e-05,19,0.000304803541452058,0.117469196600714,0.00156555817196402,0.000264165270051018,19,0.000517763929299996,0.00104779424266402,0.00208332210126401
"16","MARIAN","Pagan","Pagan",2014,"ACSP",2.70255736294408e-06,1.90651726811839e-06,19,"Pagan-2014",0.0496140528067392,0.014818812715319,122,0.000496140528067392,0.00014818812715319,0.919723551302499,2.48560565544565e-06,1.75346883245338e-06,19,7.64319344131255e-06,0.00163679136286783,0.00500988231122296,0.00383794114409187,19,0.00752236464242006,-0.00251248233119711,0.012532246953643
"17","MARIAN","Pagan","Pagan",2014,"MOSP",1.40007358091146e-05,4.44052794280684e-06,19,"Pagan-2014",0.706867891652263,0.0574792259144372,244,0.00706867891652263,0.000574792259144372,0.907324835658169,1.27032153170983e-05,4.02900128594272e-06,19,1.75620094488198e-05,0.00897854211139197,0.00179711307687287,0.000588414253177355,19,0.00115329193622762,0.000643821140645252,0.00295040501310048
"18","MARIAN","Pagan","Pagan",2014,"POCS",3.44297020300987e-05,1.07323102539512e-05,19,"Pagan-2014",1.20517240626978,0.236453580854985,61,0.0120517240626978,0.00236453580854985,0.981439393939394,3.3790665893934e-05,1.05331120712074e-05,19,4.59127710793815e-05,0.0184676150323961,0.00280380348223554,0.00103270322331529,19,0.00202409831769796,0.000779705164537585,0.0048279017999335
"19","MARIAN","Pagan","Pagan",2014,"POSP",9.04085904730426e-05,3.64193623358392e-05,19,"Pagan-2014",2.35796919047849,0.480456982054554,305,0.0235796919047849,0.00480456982054554,0.714965542006746,6.46390268896248e-05,2.60385891319833e-05,19,0.000113499578658692,0.0839082046283412,0.0027413007409358,0.00123750914786006,19,0.00242551792980571,0.000315782811130092,0.00516681867074151
"20","MARIAN","Pagan","Pagan",2014,"SSSS",0.000865085398451784,9.52610424595726e-05,19,"Pagan-2014",11.2615251565787,1.27461850714474,61,0.112615251565787,0.0127461850714474,0.829119129059751,0.000717258852126651,7.89827525574048e-05,19,0.000344277836680406,0.0995508878233183,0.0063691093537863,0.00100576207278981,19,0.00197129366266803,0.00439781569111827,0.00834040301645433
"21","MARIAN","Saipan","Saipan",2014,"ACSP",3.4022196430674e-05,6.85765086201134e-06,22,"Saipan-2014",0.80389362859786,0.0981874185254681,138,0.00803893628597859,0.000981874185254681,0.919723551302499,3.12910153243307e-05,6.30714300440171e-06,22,2.95831229473059e-05,0.0115344100136243,0.00389243230835254,0.000917377762381215,22,0.00179806041426718,0.00209437189408536,0.00569049272261973
"22","MARIAN","Saipan","Saipan",2014,"MOSP",3.6826371297371e-05,5.58486375092498e-06,22,"Saipan-2014",2.58449759562387,0.217536589175785,276,0.0258449759562387,0.00217536589175785,0.907324835658169,3.34134812852739e-05,5.06728558498127e-06,22,2.37676761673223e-05,0.0361398924541076,0.00129284242097382,0.000224238158718729,22,0.00043950679108871,0.000853335629885112,0.00173234921206253
"23","MARIAN","Saipan","Saipan",2014,"POCS",4.59500260718911e-05,1.46063526546646e-05,22,"Saipan-2014",1.37879769294073,0.288315008111436,69,0.0137879769294073,0.00288315008111436,0.981439393939394,4.50971657394961e-05,1.43352498970591e-05,22,6.72382820381731e-05,0.0239492432641587,0.00327076016810791,0.0012444789520468,22,0.00243917874601172,0.000831581422096184,0.00570993891411963
"24","MARIAN","Saipan","Saipan",2014,"POSP",8.55628265294108e-05,1.96771845429428e-05,22,"Saipan-2014",3.47745745676452,0.259429556280431,345,0.0347745745676452,0.00259429556280431,0.714965542006746,6.11744726452293e-05,1.40685089119119e-05,22,6.59871559176477e-05,0.0481869013963256,0.00175917242427308,0.000425317771419912,22,0.000833622831983028,0.000925549592290052,0.00259279525625611
"25","MARIAN","Saipan","Saipan",2014,"SSSS",0.00121873879329196,0.000198956194056729,22,"Saipan-2014",13.9281310984363,1.01905776471381,69,0.139281310984363,0.0101905776471381,0.829119129059751,0.00101047964684556,0.000164958386337358,22,0.000773723414991786,0.0846492954606369,0.00725495502378641,0.00129786588495749,22,0.00254381713451667,0.00471113788926974,0.00979877215830308
"26","MARIAN","Asuncion","Asuncion",2017,"ACSP",0,0,12,"Asuncion-2017",0.022710581662331,0.011419087559971,62,0.00022710581662331,0.00011419087559971,0.919723551302499,0,0,12,0,0.000899139853612421,0,NA,12,NA,NA,NA
"27","MARIAN","Asuncion","Asuncion",2017,"MOSP",1.44514816169746e-05,7.04683375960189e-06,12,"Asuncion-2017",0.234144954844275,0.0416807209894751,124,0.00234144954844275,0.000416807209894751,0.907324835658169,1.31121881831385e-05,6.39376728284122e-06,12,2.21486595713052e-05,0.00464136865884521,0.00560003020003535,0.00290695975104396,12,0.00569764111204617,-9.76109120108216e-05,0.0112976713120815
"28","MARIAN","Asuncion","Asuncion",2017,"POCS",0.000203799692091946,5.15363471244618e-05,12,"Asuncion-2017",0.294682231582486,0.0675681990387026,31,0.00294682231582486,0.000675681990387026,0.981439393939394,0.000200017046291755,5.0579801287682e-05,12,0.000175213571334006,0.00376203810668294,0.067875502780617,0.0231694899764144,12,0.0454122003537722,0.0224633024268448,0.113287703134389
"29","MARIAN","Asuncion","Asuncion",2017,"POSP",0.000138862531248095,6.35473747433926e-05,12,"Asuncion-2017",0.512125245521515,0.0420865229059326,155,0.00512125245521515,0.000420865229059326,0.714965542006746,9.92819249182229e-05,4.54341832265155e-05,12,0.000157388627497437,0.00523972984607313,0.019386258690903,0.00901360778935192,12,0.0176666712671298,0.00171958742377322,0.0370529299580327
"30","MARIAN","Asuncion","Asuncion",2017,"SSSS",0.000839246273093104,0.000196077907878302,12,"Asuncion-2017",6.55826478180182,0.777036941493274,31,0.0655826478180182,0.00777036941493274,0.829119129059751,0.000695835139013596,0.000162571944207916,12,0.000563165734506726,0.0432635859144869,0.0106100494896826,0.00277942101665959,12,0.0054476651926528,0.00516238429702978,0.0160577146823354
"31","MARIAN","Guam","GUA_WEST_OPEN",2017,"ACSP",2.82666367746515e-06,2.82479480871377e-06,11,"GUA_WEST_OPEN-2017",0.0622046063414672,0.0167329900445114,74,0.000622046063414672,0.000167329900445114,0.919723551302499,2.59974915577603e-06,2.59803031317109e-06,11,8.61669174275805e-06,0.00143942623053073,0.00417935151217727,0.00432525265430462,11,0.00847749520243706,-0.00429814369025979,0.0126568467146143
"32","MARIAN","Guam","GUA_WEST_OPEN",2017,"MOSP",1.30785039046445e-05,9.3265493936888e-06,11,"GUA_WEST_OPEN-2017",1.82840251650052,0.472646064021671,148,0.0182840251650052,0.00472646064021671,0.907324835658169,1.18664514059363e-05,8.46220989588649e-06,11,2.80659751218879e-05,0.0574998753664791,0.000649006512452639,0.00049228940736694,11,0.000964887238439202,-0.000315880725986563,0.00161389375089184
"33","MARIAN","Guam","GUA_WEST_OPEN",2017,"POCS",3.94937974068677e-05,1.16894297011184e-05,11,"GUA_WEST_OPEN-2017",0.163602336960712,0.0834765719182817,37,0.00163602336960712,0.000834765719182817,0.981439393939394,3.87607685913614e-05,1.14724668013628e-05,11,3.80498677999292e-05,0.00507768163822269,0.0236920629077992,0.0139753165557622,11,0.0273916204492939,-0.00369955754149472,0.051083683357093
"34","MARIAN","Guam","GUA_WEST_OPEN",2017,"POSP",0.000152101875723947,6.69634456556303e-05,11,"GUA_WEST_OPEN-2017",7.98254781033417,0.676929966684815,185,0.0798254781033417,0.00676929966684815,0.714965542006746,0.000108747600017214,4.7876556217817e-05,11,0.000158788573228856,0.0920724297834277,0.00136231692688931,0.00061079028840654,11,0.00119714896527682,0.000165167961612492,0.00255946589216613
"35","MARIAN","Guam","GUA_WEST_OPEN",2017,"SSSS",0.000634789074468483,0.000208634211428439,11,"GUA_WEST_OPEN-2017",13.5188515167735,2.4227164130282,37,0.135188515167735,0.024227164130282,0.829119129059751,0.000526315764559954,0.000172982615671615,11,0.000573718431437,0.147368086187064,0.00389319879656144,0.00145742088958931,11,0.00285654494359505,0.00103665385296639,0.00674974374015649
"36","MARIAN","Maug","Maug",2017,"ACSP",1.7880838641189e-06,1.00001610269005e-06,27,"Maug-2017",0.0797401501676093,0.0185706839112078,128,0.000797401501676093,0.000185706839112078,0.919723551302499,1.64454284153413e-06,9.19738361325777e-07,27,4.77910071445916e-06,0.00210103304398191,0.00206237740721254,0.00124942835150262,27,0.00244887956894513,-0.000386502161732587,0.00451125697615767
"37","MARIAN","Maug","Maug",2017,"MOSP",4.90593867385269e-06,2.55100519997629e-06,27,"Maug-2017",0.281202407015086,0.0367796250700396,256,0.00281202407015086,0.000367796250700396,0.907324835658169,4.45128000100245e-06,2.31459037383162e-06,27,1.20269643785586e-05,0.00588474001120634,0.00158294519888787,0.000848744349633559,27,0.00166353892528178,-8.05937263939015e-05,0.00324648412416965
"38","MARIAN","Maug","Maug",2017,"POCS",5.69384901192226e-05,1.49463346917469e-05,27,"Maug-2017",0.917703435767006,0.370167782180291,64,0.00917703435767006,0.00370167782180291,0.981439393939394,5.5881677234434e-05,1.46689216614834e-05,27,7.62219528298108e-05,0.0296134225744233,0.00608929585054117,0.0029305139463396,27,0.00574380733482561,0.000345488515715554,0.0118331031853668
"39","MARIAN","Maug","Maug",2017,"POSP",3.41705965213131e-05,9.16481616447401e-06,27,"Maug-2017",1.60814957117731,0.174452118095206,320,0.0160814957117731,0.00174452118095206,0.714965542006746,2.44307990625544e-05,6.55252775642534e-06,27,3.4047932976402e-05,0.0312069435903762,0.0015191869898438,0.000439523856799513,27,0.000861466759327046,0.00065772023051675,0.00238065374917084
"40","MARIAN","Maug","Maug",2017,"SSSS",0.000706367130083293,0.000144624941983846,27,"Maug-2017",7.27260917883072,0.78105794354006,64,0.0727260917883072,0.0078105794354006,0.829119129059751,0.000585662499691096,0.000119911305937963,27,0.000623077422859465,0.0624846354832048,0.00805299013448785,0.00186187086499453,27,0.00364926689538928,0.00440372323909857,0.0117022570298771
"41","MARIAN","Pagan","Pagan",2017,"ACSP",5.26929826632355e-06,3.05968364659385e-06,19,"Pagan-2017",0.242156501554824,0.0532609685073885,116,0.00242156501554824,0.000532609685073885,0.919723551302499,4.8462977143752e-06,2.81406310930748e-06,19,1.22662167142171e-05,0.00573638186399775,0.00200130811407432,0.00124265671191441,19,0.00243560715535225,-0.000434299041277932,0.00443691526942657
"42","MARIAN","Pagan","Pagan",2017,"MOSP",1.24075320096639e-05,5.4600219446619e-06,19,"Pagan-2017",0.640003957850068,0.0545215333497756,232,0.00640003957850068,0.000545215333497756,0.907324835658169,1.12576619415918e-05,4.95401351363035e-06,19,2.15940442708496e-05,0.00830447254751367,0.00175899880047759,0.000788430741767455,19,0.00154532425386421,0.000213674546613375,0.0033043230543418
"43","MARIAN","Pagan","Pagan",2017,"POCS",4.7393484744749e-05,1.8561384493933e-05,19,"Pagan-2017",0.819619864147357,0.244407475593484,58,0.00819619864147357,0.00244407475593484,0.981439393939394,4.65138329445624e-05,1.82168739484017e-05,19,7.94055126083016e-05,0.0186135187949695,0.00567504949296834,0.00279352045618436,19,0.00547530009412134,0.000199749398846995,0.0111503495870897
"44","MARIAN","Pagan","Pagan",2017,"POSP",6.77869065325684e-05,1.84791539332839e-05,19,"Pagan-2017",1.51371338188771,0.077604362235356,290,0.0151371338188771,0.00077604362235356,0.714965542006746,4.84653023700184e-05,1.32119583077364e-05,19,5.75895911096957e-05,0.0132155466818719,0.00320174895392538,0.000888118560408454,19,0.00174071237840057,0.00146103657552481,0.00494246133232595
"45","MARIAN","Pagan","Pagan",2017,"SSSS",0.00136335237780453,0.00016823448269049,19,"Pagan-2017",9.37769186025076,1.03694721426862,58,0.0937769186025076,0.0103694721426862,0.829119129059751,0.00113038153608683,0.000139486427766157,19,0.000608007242628164,0.0789715470662746,0.0120539419820157,0.00199724841542816,19,0.00391460689423919,0.00813933508777649,0.0159685488762549
"46","MARIAN","Saipan","Saipan",2017,"ACSP",4.99212096236116e-05,1.10429099263352e-05,22,"Saipan-2017",1.10577980872149,0.125802834650451,116,0.0110577980872149,0.00125802834650451,0.919723551302499,4.59137122003445e-05,1.01564243341626e-05,22,4.76378527604106e-05,0.0135493799559474,0.00415215686144878,0.00103284177582733,22,0.00202436988062156,0.00212778698082722,0.00617652674207034
"47","MARIAN","Saipan","Saipan",2017,"MOSP",5.19917873542917e-05,2.45852875799993e-05,22,"Saipan-2017",3.80790949715638,0.254920428452873,232,0.0380790949715638,0.00254920428452873,0.907324835658169,4.71734399168072e-05,2.23068420131317e-05,22,0.000104628363330284,0.0388283228629338,0.00123882775974678,0.000591644234962991,22,0.00115962270052746,7.92050592193158e-05,0.00239845046027424
"48","MARIAN","Saipan","Saipan",2017,"POCS",3.22597433180266e-05,1.01632172233254e-05,22,"Saipan-2017",1.45983664390969,0.320867610244939,58,0.0145983664390969,0.00320867610244939,0.981439393939394,3.16609829306844e-05,9.97458175213489e-06,22,4.67849354478607e-05,0.0244365491664623,0.00216880313717095,0.000833122498730941,22,0.00163292009751264,0.000535883039658305,0.00380172323468359
"49","MARIAN","Saipan","Saipan",2017,"POSP",0.000113719465049649,3.0800954217624e-05,22,"Saipan-2017",3.50143801976936,0.254098353816115,290,0.0350143801976936,0.00254098353816115,0.714965542006746,8.13054989659395e-05,2.20216209265285e-05,22,0.000103290557850647,0.0432713904208049,0.00232206020803119,0.000651114388261484,22,0.00127618420099251,0.00104587600703868,0.0035982444090237
"50","MARIAN","Saipan","Saipan",2017,"SSSS",0.00145091918344519,0.000219922245527373,22,"Saipan-2017",14.5947828607915,1.16052123478693,58,0.145947828607915,0.0116052123478693,0.829119129059751,0.00120298484971416,0.00018234174067252,22,0.000855258574124026,0.0883826640867428,0.0082425676434416,0.00141084321602141,22,0.00276525270340197,0.00547731494003964,0.0110078203468436
"51","MARIAN","Asuncion","Asuncion",2022,"ACSP",0,0,17,"Asuncion-2022",0.0994944518844603,0.0396930470089488,64,0.000994944518844603,0.000396930470089488,0.919723551302499,0,0,17,0,0.0031754437607159,0,NA,17,NA,NA,NA
"52","MARIAN","Asuncion","Asuncion",2022,"MOSP",0,0,17,"Asuncion-2022",0.593648323640848,0.0958992005723765,128,0.00593648323640848,0.000958992005723765,0.907324835658169,0,0,17,0,0.0108497560056154,0,NA,17,NA,NA,NA
"53","MARIAN","Asuncion","Asuncion",2022,"POCS",0.000141167840375587,2.55241609068811e-05,17,"Asuncion-2022",1.58164053214505,0.383144440695143,32,0.0158164053214505,0.00383144440695143,0.981439393939394,0.000138547679701949,2.5050417011261e-05,17,0.000103285515303198,0.021673922575157,0.00875974514348392,0.00264790534067505,17,0.0051898944677231,0.00356985067576082,0.013949639611207
"54","MARIAN","Asuncion","Asuncion",2022,"POSP",0.000122195674044266,3.86780681790568e-05,17,"Asuncion-2022",2.13859828437119,0.275745945915142,160,0.0213859828437119,0.00275745945915142,0.714965542006746,8.73656963239382e-05,2.76534859794132e-05,17,0.000114018243609658,0.0348794097859781,0.00408518500002567,0.00139623372304274,17,0.00273661809716376,0.0013485669028619,0.00682180309718943
"55","MARIAN","Asuncion","Asuncion",2022,"SSSS",0.000574017018779342,0.000127813215847242,17,"Asuncion-2022",14.1118642931465,2.04168193050465,32,0.141118642931465,0.0204168193050465,0.829119129059751,0.000475928490675803,0.000105972382205591,17,0.000436935325231978,0.11549497104687,0.00337254157770593,0.000895543608847835,17,0.00175526547334176,0.00161727610436417,0.00512780705104769
"56","MARIAN","Guam","GUA_WEST_OPEN",2022,"ACSP",4.37170720771214e-06,4.36796910766329e-06,17,"GUA_WEST_OPEN-2022",0.216090968167114,0.0574516729519471,82,0.00216090968167114,0.000574516729519471,0.919723551302499,4.02076207833174e-06,4.01732405967969e-06,17,1.65638514303945e-05,0.00520247025410193,0.00186068030165069,0.0019237818215308,17,0.00377061237020036,-0.00190993206854967,0.00563129267185105
"57","MARIAN","Guam","GUA_WEST_OPEN",2022,"MOSP",6.05313305683219e-06,3.34194570813279e-06,17,"GUA_WEST_OPEN-2022",0.409828640092868,0.092852870166648,164,0.00409828640092868,0.00092852870166648,0.907324835658169,5.4921579560073e-06,3.03223034041011e-06,17,1.25022059747135e-05,0.0118909692695854,0.00134011082162602,0.000799753342372541,17,0.00156751655105018,-0.000227405729424155,0.0029076273726762
"58","MARIAN","Guam","GUA_WEST_OPEN",2022,"POCS",3.29756967241554e-05,9.28549923433716e-06,17,"GUA_WEST_OPEN-2022",0.323708066437714,0.0933712462293087,41,0.00323708066437714,0.000933712462293087,0.981439393939394,3.23636478076843e-05,9.11315474097257e-06,17,3.75744995796283e-05,0.00597867689810197,0.00999778849005345,0.00403011310441428,17,0.00789902168465199,0.00209876680540146,0.0178968101747054
"59","MARIAN","Guam","GUA_WEST_OPEN",2022,"POSP",0.000125096214923588,2.24057433261158e-05,17,"GUA_WEST_OPEN-2022",10.9481177730256,0.804501292178213,205,0.109481177730256,0.00804501292178213,0.714965542006746,8.94394831058354e-05,1.60193344212204e-05,17,6.60494078707845e-05,0.115187055465823,0.000816939358527912,0.000158156309827471,17,0.000309986367261844,0.000506952991266068,0.00112692572578976
"60","MARIAN","Guam","GUA_WEST_OPEN",2022,"SSSS",0.000702336915037285,0.00010876720144693,17,"GUA_WEST_OPEN-2022",17.4449004195078,2.61982055750942,41,0.174449004195078,0.0261982055750942,0.829119129059751,0.000582320971302226,9.01809673339451e-05,17,0.000371825653738231,0.167750365095134,0.00333805844286187,0.00072009410663808,17,0.00141138444901064,0.00192667399385123,0.00474944289187251
"61","MARIAN","Maug","Maug",2022,"ACSP",1.20610908907087e-05,7.81759229839274e-06,24,"Maug-2022",0.283596580068936,0.0560696084201623,100,0.00283596580068936,0.000560696084201623,0.919723551302499,1.10928693465848e-05,7.19002375131283e-06,24,3.52237788584164e-05,0.00560696084201623,0.00391149616257304,0.00265062207609295,24,0.00519521926914218,-0.00128372310656914,0.00910671543171523
"62","MARIAN","Maug","Maug",2022,"MOSP",0,0,24,"Maug-2022",0.397542754241932,0.052567518602315,200,0.00397542754241932,0.00052567518602315,0.907324835658169,0,0,24,0,0.00743416977476938,0,NA,24,NA,NA,NA
"63","MARIAN","Maug","Maug",2022,"POCS",0.000181711767642301,2.65906218505736e-05,24,"Maug-2022",1.38945827082849,0.244320002175104,50,0.0138945827082849,0.00244320002175104,0.981439393939394,0.000178339087106516,2.60970837934986e-05,24,0.000127849078137456,0.0172760330317528,0.0128351524367967,0.00293621532908504,24,0.00575498204500668,0.00708017039179,0.0185901344818034
"64","MARIAN","Maug","Maug",2022,"POSP",3.25312626377515e-05,8.09197799086478e-06,24,"Maug-2022",2.99503642617738,0.331097156493111,250,0.0299503642617738,0.00331097156493111,0.714965542006746,2.32587318239638e-05,5.78548543014529e-06,24,2.83429744363248e-05,0.052351057066172,0.000776575924775959,0.000211386914010513,24,0.000414318351460605,0.000362257573315353,0.00119089427623656
"65","MARIAN","Maug","Maug",2022,"SSSS",0.000774003260539885,8.31992395481573e-05,24,"Maug-2022",14.9186325208698,1.20007114214099,50,0.149186325208698,0.0120007114214099,0.829119129059751,0.000641740909268237,6.89820810326018e-05,24,0.000337941799850392,0.0848578442514179,0.00430160678849419,0.000577526916018642,24,0.00113195275539654,0.00316965403309765,0.00543355954389073
"66","MARIAN","Pagan","Pagan",2022,"ACSP",1.12149026047555e-05,4.76469232541749e-06,24,"Pagan-2022",0.215777400853987,0.0483645910958419,112,0.00215777400853987,0.000483645910958419,0.919723551302499,1.03146100511574e-05,4.38219974639673e-06,24,2.14683066592517e-05,0.00511842721203707,0.00478020868280692,0.00229619190166018,24,0.00450053612725395,0.000279672555552962,0.00928074481006087
"67","MARIAN","Pagan","Pagan",2022,"MOSP",5.39986831508894e-06,3.11113045806776e-06,24,"Pagan-2022",0.0700662498903256,0.013194057276487,224,0.000700662498903256,0.00013194057276487,0.907324835658169,4.89943463156383e-06,2.82280593157745e-06,24,1.3828868350533e-05,0.00197470567480343,0.00699257436959005,0.00423849264068822,24,0.00830744557574891,-0.00131487120615886,0.015300019945339
"68","MARIAN","Pagan","Pagan",2022,"POCS",3.74138932827579e-05,1.03461747123622e-05,24,"Pagan-2022",0.823141183978956,0.278802267309835,56,0.00823141183978956,0.00278802267309835,0.981439393939394,3.67194687483431e-05,1.01541434392918e-05,24,4.97449404025889e-05,0.0208636512585833,0.00446089558668976,0.00195054794194918,24,0.0038230739662204,0.00063782162046936,0.00828396955291016
"69","MARIAN","Pagan","Pagan",2022,"POSP",6.43003714458846e-05,1.50258328605152e-05,24,"Pagan-2022",1.93718423753566,0.230523671755125,280,0.0193718423753566,0.00230523671755125,0.714965542006746,4.5972549922042e-05,1.0742952735221e-05,24,5.26295050642568e-05,0.0385739882654751,0.00237316353453943,0.000622330523550918,24,0.0012197678261598,0.00115339570837963,0.00359293136069923
"70","MARIAN","Pagan","Pagan",2022,"SSSS",0.000811296178252054,7.38536730306366e-05,24,"Pagan-2022",6.76181234048352,1.02293087790088,56,0.0676181234048352,0.0102293087790088,0.829119129059751,0.000672661180721847,6.1233493061025e-05,24,0.000299981626335532,0.0765491375091396,0.00994794216181615,0.00175638474005978,24,0.00344251409051716,0.00650542807129899,0.0133904562523333
"71","MARIAN","Saipan","Saipan",2022,"ACSP",7.39138113740727e-06,2.44339023867003e-06,24,"Saipan-2022",0.0953606695201177,0.0158453488941031,146,0.000953606695201177,0.000158453488941031,0.919723551302499,6.79802730872652e-06,2.24724354752746e-06,24,1.10092000384084e-05,0.00191460079155093,0.00712875375449454,0.00263752665113386,24,0.00516955223622236,0.00195920151827218,0.0122983059907169
"72","MARIAN","Saipan","Saipan",2022,"MOSP",1.18303588950004e-05,4.55267897120198e-06,24,"Saipan-2022",0.997617773611579,0.119504598803936,292,0.00997617773611579,0.00119504598803936,0.907324835658169,1.07339784401834e-05,4.13075869935024e-06,24,2.02365021279416e-05,0.02042095479527,0.00107596102676922,0.00043365887015156,24,0.000849971385497057,0.000225989641272165,0.00192593241226628
"73","MARIAN","Saipan","Saipan",2022,"POCS",8.89228103816589e-05,1.97446738102662e-05,24,"Saipan-2022",0.329780243199583,0.0648590941157556,73,0.00329780243199583,0.000648590941157556,0.981439393939394,8.7272349128363e-05,1.93782006978787e-05,24,9.49334076860953e-05,0.00554156343042918,0.0264637894258407,0.00784969533856688,24,0.0153854028635911,0.0110783865622496,0.0418491922894318
"74","MARIAN","Saipan","Saipan",2022,"POSP",9.55178774677185e-05,1.79166558996179e-05,24,"Saipan-2022",3.21078312589207,0.211482035242861,365,0.0321078312589207,0.00211482035242861,0.714965542006746,6.82919910350413e-05,1.28097915962187e-05,24,6.27549062442556e-05,0.0404035861021257,0.00212695745422131,0.000422843758755621,24,0.000828773767161016,0.00129818368706029,0.00295573122138232
"75","MARIAN","Saipan","Saipan",2022,"SSSS",0.00123787326257478,0.000186646480267207,24,"Saipan-2022",9.5216046601998,0.929358698639567,73,0.095216046601998,0.00929358698639567,0.829119129059751,0.00102634440135235,0.000154752167161215,24,0.000758127692269726,0.0794044420191989,0.0107791116936672,0.00193608518722959,24,0.00379472696696999,0.00698438472669717,0.0145738386606372
"76","PRIAs","Baker","Baker",2015,"ACSP",0.000133668988896007,9.83851297636271e-05,15,"Baker-2015",17.9046633743265,1.89847996785544,102,0.179046633743265,0.0189847996785544,0.919723551302499,0.00012293851716645,9.04871209415603e-05,15,0.000350455112452919,0.191737078107375,0.000686628475477127,0.000510600170053104,15,0.00100077633330408,-0.000314147857826957,0.00168740480878121
"77","PRIAs","Baker","Baker",2015,"MOSP",3.38725176169122e-06,3.37923458651676e-06,15,"Baker-2015",2.21277233900444,0.254271400415395,204,0.0221277233900444,0.00254271400415395,0.907324835658169,3.07333764800933e-06,3.06606346586172e-06,15,1.18748127416974e-05,0.0363172201498381,0.000138890820073793,0.000139478221926282,15,0.000273377314975513,-0.00013448649490172,0.000412268135049306
"78","PRIAs","Baker","Baker",2015,"POCS",4.71852978859705e-05,2.78781034309197e-05,15,"Baker-2015",1.27486707230516,0.313151675807872,51,0.0127486707230516,0.00313151675807872,0.981439393939394,4.63095101600567e-05,2.73606689354216e-05,15,0.000105967415127982,0.0223635028006017,0.00363249715723866,0.00232425000051419,15,0.00455553000100781,-0.000923032843769147,0.00818802715824646
"79","PRIAs","Baker","Baker",2015,"POSP",1.59579863335469e-05,6.09734223886483e-06,15,"Baker-2015",1.18149735429187,0.134901136621592,255,0.0118149735429187,0.00134901136621592,0.714965542006746,1.14094103483006e-05,4.35938959861062e-06,15,1.68838433150488e-05,0.0215419840050966,0.000965673795785928,0.000385093548396934,15,0.000754783354857991,0.000210890440927937,0.00172045715064392
"80","PRIAs","Baker","Baker",2015,"SSSS",0.000235426676275891,0.000100486707784234,15,"Baker-2015",27.7366316948688,2.74959399252959,51,0.277366316948688,0.0274959399252959,0.829119129059751,0.000195196760791299,8.33154516401458e-05,15,0.000322679356684034,0.196360287052015,0.000703750776008644,0.000308375670087011,15,0.000604416313370541,9.93344626381034e-05,0.00130816708937918
"81","PRIAs","Howland","Howland",2015,"ACSP",2.0147933751407e-05,1.05865501086611e-05,21,"Howland-2015",8.50181979657204,1.12643132184628,110,0.0850181979657204,0.0112643132184628,0.919723551302499,1.85305291812515e-05,9.73669946197964e-06,21,4.46191623035575e-05,0.118141113720838,0.000217959561889598,0.000118109672633862,21,0.00023149495836237,-1.35353964727723e-05,0.000449454520251968
"82","PRIAs","Howland","Howland",2015,"MOSP",5.53143592217398e-05,1.70283444407191e-05,21,"Howland-2015",7.58402324380593,0.655805630706187,220,0.0758402324380593,0.00655805630706187,0.907324835658169,5.0188091890402e-05,1.54502398212062e-05,21,7.08018934858982e-05,0.0972716945254408,0.000661760786814464,0.000211605204390222,21,0.000414746200604835,0.000247014586209629,0.0010765069874193
"83","PRIAs","Howland","Howland",2015,"POCS",4.87980382698183e-05,1.56846863173435e-05,21,"Howland-2015",1.12427812503373,0.166848675453199,55,0.0112427812503373,0.00166848675453199,0.981439393939394,4.78923171049618e-05,1.53935690334231e-05,21,7.05421953111896e-05,0.0123738289446993,0.0042598282434362,0.00150809461092582,21,0.0029558654374146,0.00130396280602161,0.0072156936808508
"84","PRIAs","Howland","Howland",2015,"POSP",8.37956263064801e-05,2.84278766803298e-05,21,"Howland-2015",2.14836626628508,0.150986731695891,275,0.0214836626628508,0.00150986731695891,0.714965542006746,5.99109853800073e-05,2.03249522588529e-05,21,9.31406322225572e-05,0.0250383168678666,0.0027886765082941,0.000966152724909533,21,0.00189365934082268,0.00089501716747142,0.00468233584911679
"85","PRIAs","Howland","Howland",2015,"SSSS",0.000234185560379482,3.72104399229004e-05,21,"Howland-2015",24.3757828566586,1.89892646053277,55,0.243757828566586,0.0189892646053277,0.829119129059751,0.000194167727860206,3.08518875408054e-05,21,0.000141381109988006,0.140828155437091,0.000796559966922934,0.000140961241050843,21,0.000276284032459653,0.000520275934463281,0.00107284399938259
"86","PRIAs","Baker","Baker",2017,"ACSP",0.000126457399103139,0.000108263857563589,7,"Baker-2017",16.96052172668,2.35368220884741,44,0.1696052172668,0.0235368220884741,0.919723551302499,0.000116305848191616,9.9572819556092e-05,7,0.000263444917886928,0.156125615249636,0.000685744519336688,0.000594748590033644,7,0.00116570723646594,-0.000479962717129255,0.00185145175580263
"87","PRIAs","Baker","Baker",2017,"MOSP",4.51633568225497e-06,4.51099406514957e-06,7,"Baker-2017",1.29007746302928,0.173461822841305,88,0.0129007746302928,0.00173461822841305,0.907324835658169,4.09778353067911e-06,4.09293694881681e-06,7,1.08288932984368e-05,0.0162721613516511,0.000317638564203498,0.000320124681544494,7,0.000627444375827209,-0.000309805811623711,0.000945082940030707
"88","PRIAs","Baker","Baker",2017,"POCS",2.72439319524521e-05,2.26537930091043e-05,7,"Baker-2017",0.485554471705291,0.138943876170389,22,0.00485554471705291,0.00138943876170389,0.981439393939394,2.67382680639407e-05,2.22333248812838e-05,7,5.88238484539816e-05,0.00651704546520548,0.00550674942196178,0.00484251306684608,7,0.00949132561101831,-0.00398457618905653,0.0149980750329801
"89","PRIAs","Baker","Baker",2017,"POSP",1.28122998078155e-06,1.27588035415671e-06,7,"Baker-2017",0.564644541620491,0.126744864721955,110,0.00564644541620491,0.00126744864721955,0.714965542006746,9.16035287644773e-07,9.12210488945411e-07,7,2.41348209709419e-06,0.0132931135580515,0.000162232204532752,0.000165608231236812,7,0.000324592133224152,-0.0001623599286914,0.000486824337756904
"90","PRIAs","Baker","Baker",2017,"SSSS",0.000197473129760125,9.76142647721546e-05,7,"Baker-2017",21.0527607098114,3.32853531150545,22,0.210527607098114,0.0332853531150545,0.829119129059751,0.000163728749359418,8.09338541916968e-05,7,0.000214130850837192,0.15612214482214,0.000777706789224627,0.000403618595429326,7,0.000791092447041479,-1.33856578168519e-05,0.00156879923626611
"91","PRIAs","Howland","Howland",2017,"ACSP",3.29232995658466e-05,3.28508609751866e-05,6,"Howland-2017",9.91475977012069,2.86977671844573,40,0.0991475977012069,0.0286977671844573,0.919723551302499,3.02803339972964e-05,3.02137105194433e-05,6,7.40081740087965e-05,0.181500616128245,0.000305406633134469,0.000317297172335534,6,0.000621902457777646,-0.000316495824643177,0.000927309090912115
"92","PRIAs","Howland","Howland",2017,"MOSP",0,0,6,"Howland-2017",10.3482311364575,1.53756912204287,80,0.103482311364575,0.0153756912204287,0.907324835658169,0,0,6,0,0.137524363079701,0,NA,6,NA,NA,NA
"93","PRIAs","Howland","Howland",2017,"POCS",5.68137964302943e-05,4.38436273676459e-05,6,"Howland-2017",1.40259831053065,0.697997922403065,20,0.0140259831053065,0.00697997922403065,0.981439393939394,5.57592979359441e-05,4.3029863071807e-05,6,0.000105401208227756,0.0312154160529375,0.00397542885352889,0.00365044001182613,6,0.00715486242317922,-0.00317943356965034,0.0111302912767081
"94","PRIAs","Howland","Howland",2017,"POSP",6.86927158707188e-05,6.57361060930782e-05,6,"Howland-2017",1.63277710808877,0.182589507782878,100,0.0163277710808877,0.00182589507782878,0.714965542006746,4.91129248344238e-05,4.69990507222506e-05,6,0.000115123692664699,0.0182589507782878,0.00300793810686828,0.00289806017278779,6,0.00568019793866407,-0.00267225983179579,0.00868813604553234
"95","PRIAs","Howland","Howland",2017,"SSSS",0.000270320791123975,0.000246451063429282,6,"Howland-2017",24.0963095409827,4.36711239600377,20,0.240963095409827,0.0436711239600377,0.829119129059751,0.000224128138903453,0.000204337291066336,6,0.00050052209853509,0.195303203656928,0.000930134710139985,0.000864595397118292,6,0.00169460697835185,-0.000764472268211867,0.00262474168849184
"96","PRIAs","Baker","Baker",2018,"ACSP",8.83728379244074e-05,6.26464279720616e-05,10,"Baker-2018",16.9129697195145,2.15789603680893,46,0.169129697195145,0.0215789603680893,0.919723551302499,8.12785803345161e-05,5.76173952108807e-05,10,0.000182202201712461,0.146355629909164,0.000480569537357684,0.000346143763894991,10,0.000678441777234183,-0.0001978722398765,0.00115901131459187
"97","PRIAs","Baker","Baker",2018,"MOSP",1.80653427290198e-05,1.80225844614227e-05,10,"Baker-2018",2.20833076926526,0.359806484361037,92,0.0220833076926527,0.00359806484361037,0.907324835658169,1.63911341227164e-05,1.63523384845958e-05,10,5.1710634681349e-05,0.0345114255998198,0.000742240897552222,0.000750294503215933,10,0.00147057722630323,-0.000728336328751007,0.00221281812385545
"98","PRIAs","Baker","Baker",2018,"POCS",1.80653427290198e-05,1.80225844614227e-05,10,"Baker-2018",1.10181963422736,0.206538352008928,23,0.0110181963422736,0.00206538352008928,0.981439393939394,1.77300390192766e-05,1.76880743710402e-05,10,5.59346024349374e-05,0.00990523139337476,0.0016091598360116,0.0016334439852125,10,0.00320155021101649,-0.00159239037500489,0.0048107100470281
"99","PRIAs","Baker","Baker",2018,"POSP",0,0,10,"Baker-2018",1.45015481375066,0.239629973154336,115,0.0145015481375066,0.00239629973154336,0.714965542006746,0,0,10,0,0.0256974517489653,0,NA,10,NA,NA,NA
"100","PRIAs","Baker","Baker",2018,"SSSS",0.000148750800768738,8.60363024531494e-05,10,"Baker-2018",23.627463385337,3.14099648637181,23,0.23627463385337,0.0314099648637181,0.829119129059751,0.000123332134380317,7.13343441574766e-05,10,0.000225579002931951,0.150636899639564,0.000521986352783242,0.000309784781307844,10,0.000607178171363374,-8.51918185801318e-05,0.00112916452414662
"101","PRIAs","Howland","Howland",2018,"ACSP",2.58321273516643e-05,2.22099393978468e-05,9,"Howland-2018",6.96318159598419,1.67124471820878,42,0.0696318159598419,0.0167124471820878,0.919723551302499,2.37584159055711e-05,2.04270043372009e-05,9,6.12810130116028e-05,0.108309036622948,0.000341200578759472,0.0003045732220616,9,0.000596963515240735,-0.000255762936481263,0.000938164094000208
"102","PRIAs","Howland","Howland",2018,"MOSP",1.94163048721659e-06,1.91735915202673e-06,9,"Howland-2018",9.52786445599777,1.08718943212461,84,0.0952786445599777,0.0108718943212461,0.907324835658169,1.76168956272268e-06,1.73966757751034e-06,9,5.21900273253102e-06,0.0996425573493414,1.84898680166856e-05,1.83802264848643e-05,9,3.60252439103341e-05,-1.75353758936485e-05,5.45151119270197e-05
"103","PRIAs","Howland","Howland",2018,"POCS",5.12140215468724e-05,2.6292145989502e-05,9,"Howland-2018",1.4789506154354,0.351786731905915,21,0.014789506154354,0.00351786731905915,0.981439393939394,5.02634582681615e-05,2.58041478253029e-05,9,7.74124434759087e-05,0.0161208932743999,0.00339858936083299,0.0019229390668252,9,0.00376896057097739,-0.000370371210144398,0.00716754993181038
"104","PRIAs","Howland","Howland",2018,"POSP",5.82489146164978e-06,3.67146325491019e-06,9,"Howland-2018",4.16419612444584,0.390079266228126,105,0.0416419612444584,0.00390079266228126,0.714965542006746,4.1645966810089e-06,2.62496971600471e-06,9,7.87490914801414e-06,0.0399712303586125,0.000100009619060945,6.37289989549258e-05,9,0.000124908837951655,-2.489921889071e-05,0.000224918457012599
"105","PRIAs","Howland","Howland",2018,"SSSS",9.95497668435439e-05,4.07124868314292e-05,9,"Howland-2018",23.7572209944107,2.50494030668769,21,0.237572209944107,0.0250494030668769,0.829119129059751,8.25386159834204e-05,3.37555016235312e-05,9,0.000101266504870593,0.114790785667422,0.000347425382803986,0.000146731495840149,9,0.000287593731846692,5.98316509572946e-05,0.000635019114650678
"106","SAMOA","Ofu & Olosega","Ofu & Olosega",2015,"ACSP",4.20317985417229e-05,6.93146242030371e-06,31,NA,NA,NA,NA,NA,NA,0.919723551302499,3.86576350224246e-05,6.37502923292154e-06,31,3.54946605750602e-05,NA,NA,NA,31,NA,NA,NA
"107","SAMOA","Ofu & Olosega","Ofu & Olosega",2015,"MOSP",8.90198825276803e-05,1.71361590541945e-05,31,NA,NA,NA,NA,NA,NA,0.907324835658169,8.0769950284737e-05,1.55480626976593e-05,31,8.65679493990741e-05,NA,NA,NA,31,NA,NA,NA
"108","SAMOA","Ofu & Olosega","Ofu & Olosega",2015,"POCS",2.25985124673688e-05,4.81556811404718e-06,31,NA,NA,NA,NA,NA,NA,0.981439393939394,2.21790703799063e-05,4.72618825132433e-06,31,2.63143025177496e-05,NA,NA,NA,31,NA,NA,NA
"109","SAMOA","Ofu & Olosega","Ofu & Olosega",2015,"POSP",6.23891664416239e-05,1.66697049836776e-05,31,NA,NA,NA,NA,NA,NA,0.714965542006746,4.46061042002847e-05,1.19182646587476e-05,31,6.63580892337514e-05,NA,NA,NA,31,NA,NA,NA
"110","SAMOA","Ofu & Olosega","Ofu & Olosega",2015,"SSSS",0.000602333974705194,8.51214959137104e-05,31,NA,NA,NA,NA,NA,NA,0.829119129059751,0.000499406620510669,7.05758605562387e-05,31,0.000392949761281087,NA,NA,NA,31,NA,NA,NA
"111","SAMOA","Rose","ROS_SANCTUARY",2015,"ACSP",4.9977724977725e-06,2.02991818311234e-06,27,NA,NA,NA,NA,NA,NA,0.919723551302499,4.59656907025328e-06,1.8669635602256e-06,27,9.70102722657124e-06,NA,NA,NA,27,NA,NA,NA
"112","SAMOA","Rose","ROS_SANCTUARY",2015,"MOSP",4.57912582912583e-05,1.48303963468137e-05,27,NA,NA,NA,NA,NA,NA,0.907324835658169,4.15475459036967e-05,1.34559869281183e-05,27,6.99193590764504e-05,NA,NA,NA,27,NA,NA,NA
"113","SAMOA","Rose","ROS_SANCTUARY",2015,"POCS",7.40681615681615e-05,1.14310260794425e-05,27,NA,NA,NA,NA,NA,NA,0.981439393939394,7.26934115996615e-05,1.12188593075135e-05,27,5.82949029707409e-05,NA,NA,NA,27,NA,NA,NA
"114","SAMOA","Rose","ROS_SANCTUARY",2015,"POSP",8.243663993664e-05,1.51978543112143e-05,27,NA,NA,NA,NA,NA,NA,0.714965542006746,5.89393569535148e-05,1.08659421449569e-05,27,5.64610916015078e-05,NA,NA,NA,27,NA,NA,NA
"115","SAMOA","Rose","ROS_SANCTUARY",2015,"SSSS",0.000284664884664885,3.40181915064834e-05,27,NA,NA,NA,NA,NA,NA,0.829119129059751,0.000236021101247244,2.82051333140433e-05,27,0.00014655817180253,NA,NA,NA,27,NA,NA,NA
"116","SAMOA","Tutuila","TUT_NE_OPEN",2015,"ACSP",1.1261635275095e-05,5.28027852360752e-06,17,NA,NA,NA,NA,NA,NA,0.919723551302499,1.03575911886839e-05,4.85639651559862e-06,17,2.00234357936947e-05,NA,NA,NA,17,NA,NA,NA
"117","SAMOA","Tutuila","TUT_NE_OPEN",2015,"MOSP",6.27447231569287e-05,1.66172429874669e-05,17,NA,NA,NA,NA,NA,NA,0.907324835658169,5.69298456267776e-05,1.50772372626953e-05,17,6.21650417765911e-05,NA,NA,NA,17,NA,NA,NA
"118","SAMOA","Tutuila","TUT_NE_OPEN",2015,"POCS",7.22632521959533e-06,3.51819120524445e-06,17,NA,NA,NA,NA,NA,NA,0.981439393939394,7.0922002439286e-06,3.45289144423802e-06,17,1.42366361383849e-05,NA,NA,NA,17,NA,NA,NA
"119","SAMOA","Tutuila","TUT_NE_OPEN",2015,"POSP",7.02103453801221e-05,3.05051536099975e-05,17,NA,NA,NA,NA,NA,NA,0.714965542006746,5.01979776391798e-05,2.18101336847709e-05,17,8.99254848911521e-05,NA,NA,NA,17,NA,NA,NA
"120","SAMOA","Tutuila","TUT_NE_OPEN",2015,"SSSS",0.000192984530000437,3.51145407741349e-05,17,NA,NA,NA,NA,NA,NA,0.829119129059751,0.000160007165435968,2.91141374639838e-05,17,0.000120040663962758,NA,NA,NA,17,NA,NA,NA
"121","SAMOA","Tutuila","TUT_NW_OPEN",2015,"ACSP",1.19601935542774e-05,5.50800798095194e-06,8,NA,NA,NA,NA,NA,NA,0.919723551302499,1.10000716900053e-05,5.06584466084362e-06,8,1.43283724484808e-05,NA,NA,NA,8,NA,NA,NA
"122","SAMOA","Tutuila","TUT_NW_OPEN",2015,"MOSP",7.64452661371313e-05,1.61379667261043e-05,8,NA,NA,NA,NA,NA,NA,0.907324835658169,6.93606885347176e-05,1.46423780076196e-05,8,4.14148991275383e-05,NA,NA,NA,8,NA,NA,NA
"123","SAMOA","Tutuila","TUT_NW_OPEN",2015,"POCS",9.91726011138502e-06,3.35042307526614e-06,8,NA,NA,NA,NA,NA,NA,0.981439393939394,9.73318975325704e-06,3.28823719242976e-06,8,9.30053926766759e-06,NA,NA,NA,8,NA,NA,NA
"124","SAMOA","Tutuila","TUT_NW_OPEN",2015,"POSP",4.99342645850452e-05,1.64541581684172e-05,8,NA,NA,NA,NA,NA,NA,0.714965542006746,3.57012785437551e-05,1.17641561131471e-05,8,3.3274058250174e-05,NA,NA,NA,8,NA,NA,NA
"125","SAMOA","Tutuila","TUT_NW_OPEN",2015,"SSSS",0.000220065507166986,5.86844226766731e-05,8,NA,NA,NA,NA,NA,NA,0.829119129059751,0.000182460521638384,4.86563774190575e-05,8,0.00013762101768395,NA,NA,NA,8,NA,NA,NA
"126","SAMOA","Ofu & Olosega","Ofu & Olosega",2018,"ACSP",3.03875236294896e-05,1.39835862831718e-05,18,"Ofu & Olosega-2018",1.67925270468802,0.219894881993048,76,0.0167925270468802,0.00219894881993048,0.919723551302499,2.79481211478028e-05,1.28610336363037e-05,18,5.45647445837917e-05,0.0191699913761899,0.00166431895984322,0.000796283409457252,18,0.00156071548253621,0.000103603477307006,0.00322503444237943
"127","SAMOA","Ofu & Olosega","Ofu & Olosega",2018,"MOSP",0.000173357187865695,3.72171288540413e-05,18,"Ofu & Olosega-2018",7.00713138199343,0.434004616217585,152,0.0700713138199343,0.00434004616217585,0.907324835658169,0.000157291281990404,3.37680253211619e-05,18,0.000143265598151236,0.0535076826712971,0.00224473145165514,0.000501564456712435,18,0.000983066335156372,0.00126166511649877,0.00322779778681151
"128","SAMOA","Ofu & Olosega","Ofu & Olosega",2018,"POCS",2.37240075614367e-05,7.23610725867835e-06,18,"Ofu & Olosega-2018",1.45812552414286,0.186576096142214,38,0.0145812552414286,0.00186576096142214,0.981439393939394,2.328367560291e-05,7.10180072243773e-06,18,3.01303886968274e-05,0.0115013229967835,0.00159682244205944,0.000528172039439897,18,0.0010352171973022,0.000561605244757242,0.00263203963936164
"129","SAMOA","Ofu & Olosega","Ofu & Olosega",2018,"POSP",2.15782248627239e-05,7.9470732430552e-06,18,"Ofu & Olosega-2018",4.38607744478614,0.454488382977941,190,0.0438607744478614,0.00454488382977941,0.714965542006746,1.54276872345208e-05,5.68188352858827e-06,18,2.41061902378615e-05,0.0626469002822659,0.000351742244151666,0.000134573362760944,18,0.000263763791011451,8.79784531402154e-05,0.000615506035163117
"130","SAMOA","Ofu & Olosega","Ofu & Olosega",2018,"SSSS",0.000533001395265101,9.4428094809201e-05,18,"Ofu & Olosega-2018",28.7348254872371,1.94021622101268,38,0.287348254872371,0.0194021622101268,0.829119129059751,0.000441921652629833,7.82921397269763e-05,18,0.000332165417487298,0.119602960415981,0.00153793052554336,0.000291582258243684,18,0.000571501226157621,0.000966429299385739,0.00210943175170098
"131","SAMOA","Rose","ROS_SANCTUARY",2018,"ACSP",1.93433818433818e-05,1.01400601453686e-05,14,"ROS_SANCTUARY-2018",0.629507135056035,0.185549067730902,58,0.00629507135056035,0.00185549067730902,0.919723551302499,1.77905638431954e-05,9.32605212731934e-06,14,3.48948918316232e-05,0.0141309959984312,0.00282610996007405,0.00169961553719726,14,0.00333124645290662,-0.000505136492832577,0.00615735641298067
"132","SAMOA","Rose","ROS_SANCTUARY",2018,"MOSP",7.10556710556711e-05,1.75730021860382e-05,14,"ROS_SANCTUARY-2018",4.32047937381113,0.287084535173484,116,0.0432047937381113,0.00287084535173484,0.907324835658169,6.44705750631677e-05,1.59444213204678e-05,14,5.96585618115641e-05,0.0309199507097763,0.00149220883807385,0.000382130912622984,14,0.000748976588741049,0.000743232249332806,0.0022411854268149
"133","SAMOA","Rose","ROS_SANCTUARY",2018,"POCS",0.00011489373989374,2.30903404079007e-05,14,"ROS_SANCTUARY-2018",4.25700071435896,0.558319137671327,29,0.0425700071435896,0.00558319137671327,0.981439393939394,0.000112761242448743,2.26617696957844e-05,14,8.47925779796014e-05,0.0300664057133731,0.00264884246010099,0.000635670336533227,14,0.00124591385960513,0.00140292860049586,0.00389475631970611
"134","SAMOA","Rose","ROS_SANCTUARY",2018,"POSP",8.44796719796721e-05,3.64451006590845e-05,14,"ROS_SANCTUARY-2018",1.96199163658161,0.30875032744256,145,0.0196199163658161,0.0030875032744256,0.714965542006746,6.04000544654984e-05,2.60569911462128e-05,14,9.74963333993301e-05,0.0371784626913267,0.00307850723414569,0.00141368782701866,14,0.00277082814095656,0.000307679093189125,0.00584933537510225
"135","SAMOA","Rose","ROS_SANCTUARY",2018,"SSSS",0.000462046662046662,8.84665436911795e-05,14,"ROS_SANCTUARY-2018",16.6683111038845,1.73466350466108,29,0.166683111038845,0.0173466350466108,0.829119129059751,0.000383091726021094,7.33493036561572e-05,14,0.000274447963839785,0.0934144885752145,0.00229832358919564,0.000500855082331538,14,0.000981675961369814,0.00131664762782583,0.00327999955056545
"136","SAMOA","Tutuila","TUT_NE_OPEN",2018,"ACSP",0,0,9,"TUT_NE_OPEN-2018",3.67921513282014,0.756442977899442,66,0.0367921513282014,0.00756442977899442,0.919723551302499,0,0,9,0,0.0614537180337226,0,NA,9,NA,NA,NA
"137","SAMOA","Tutuila","TUT_NE_OPEN",2018,"MOSP",0.000147060552616108,3.95159071016522e-05,9,"TUT_NE_OPEN-2018",12.1983768333397,1.0562442653245,132,0.121983768333397,0.010562442653245,0.907324835658169,0.00013343169173421,3.58537639168901e-05,9,0.00010756129175067,0.121353227044062,0.00109384792384446,0.000308806312528574,9,0.000605260372556005,0.000488587551288457,0.00169910829640047
"138","SAMOA","Tutuila","TUT_NE_OPEN",2018,"POCS",8.03938859494414e-06,3.58545111761171e-06,9,"TUT_NE_OPEN-2018",1.03158166126621,0.213744096288132,33,0.0103158166126621,0.00213744096288132,0.981439393939394,7.89017267026525e-06,3.51890297186816e-06,9,1.05567089156045e-05,0.0122786635145483,0.000764861665006772,0.000376133972660365,9,0.000737222586414315,2.76390785924575e-05,0.00150208425142109
"139","SAMOA","Tutuila","TUT_NE_OPEN",2018,"POSP",3.25494806976289e-05,1.34739532075532e-05,9,"TUT_NE_OPEN-2018",5.77884704541568,0.541956334264731,165,0.0577884704541568,0.00541956334264731,0.714965542006746,2.32717571090184e-05,9.6334122580118e-06,9,2.89002367740354e-05,0.0696155516111125,0.000402705884515142,0.000170925876529857,9,0.000335014717998521,6.76911665166212e-05,0.000737720602513663
"140","SAMOA","Tutuila","TUT_NE_OPEN",2018,"SSSS",0.000305295904369979,6.72360162411646e-05,9,"TUT_NE_OPEN-2018",27.7346036221147,3.55957730892104,33,0.277346036221147,0.0355957730892104,0.829119129059751,0.000253126674336746,5.57466672273217e-05,9,0.000167240001681965,0.204482148462922,0.000912674569954592,0.000232641646551885,9,0.000455977627241695,0.000456696942712897,0.00136865219719629
"141","SAMOA","Tutuila","TUT_NW_OPEN",2018,"ACSP",4.14041815027846e-06,2.94534171493346e-06,13,"TUT_NW_OPEN-2018",0.749255139259223,0.126146847275559,70,0.00749255139259223,0.00126146847275559,0.919723551302499,3.80804008505143e-06,2.70890014185799e-06,13,9.76707836158067e-06,0.0105542024588759,0.000508243438785936,0.000371533919281256,13,0.000728206481791261,-0.000219963043005326,0.0012364499205772
"142","SAMOA","Tutuila","TUT_NW_OPEN",2018,"MOSP",0.000204889071487264,7.63259473954175e-05,13,"TUT_NW_OPEN-2018",9.49754984830292,0.995566789896491,140,0.0949754984830292,0.00995566789896491,0.907324835658169,0.000185900943115337,6.92524276770012e-05,13,0.000249693178939789,0.11779705116864,0.00195735685607962,0.000757478295488283,13,0.00148465745915703,0.000472699396922584,0.00344201431523665
"143","SAMOA","Tutuila","TUT_NW_OPEN",2018,"POCS",9.83064000730394e-06,8.22474666455682e-06,13,"TUT_NW_OPEN-2018",0.388388991300744,0.100818314514257,35,0.00388388991300744,0.00100818314514257,0.981439393939394,9.64817737080474e-06,8.0720903817677e-06,13,2.91043357716431e-05,0.00596449192263974,0.00248415315235694,0.00217608906203116,13,0.00426513456158107,-0.00178098140922413,0.006749287713938
"144","SAMOA","Tutuila","TUT_NW_OPEN",2018,"POSP",7.21491828722724e-05,2.95742510913197e-05,13,"TUT_NW_OPEN-2018",4.13361629585275,0.292433603943693,175,0.0413361629585275,0.00292433603943693,0.714965542006746,5.1584179637618e-05,2.1144570460949e-05,13,7.62378329946128e-05,0.0386853295516684,0.00124791891519714,0.000519089745203344,13,0.00101741590059855,0.000230503014598591,0.0022653348157957
"145","SAMOA","Tutuila","TUT_NW_OPEN",2018,"SSSS",0.000427083903953255,0.000127390672540492,13,"TUT_NW_OPEN-2018",18.6059629222916,2.54754053430862,35,0.186059629222916,0.0254754053430862,0.829119129059751,0.000354103434481161,0.000105622043467109,13,0.000380825693539947,0.1507145305165,0.00190317177326476,0.000624629971100067,13,0.00122427474335613,0.000678897029908631,0.00312744651662089
