"","Site","Genus_Code","StartingDate","EndingDate","Interval_Years","Interval","SIG","g.N","g.int","g.slp","g.var","g.R2","g.AIC","s.N","s.int","s.slp","s.pR2","s.AIC","StartingYear","SEC_NAME","N.Rec_Site","MN.RecVal_Site","N.RecVal_Sec","MN.RecVal_Sec","LOW_CI95.RecVal_Sec","HIGH_CI95.RecVal_Sec","N.RecVal_Sec_SSSS","MN.RecVal_Sec_SSSS","LOW_CI95.RecVal_Sec_SSSS","HIGH_CI95.RecVal_Sec_SSSS"
"1","FFS_OCC_002","MOSP",2013-09-06,2016-09-25,3.05270362765229,"13-16","FFS002_1309-1609_MOSP",3,0.0842906035928445,0.810223527127749,4.8892982918266e-05,0.999068999122045,-18.5598356779293,38,-3.23394247652913,0.918039029074517,0.0222005458658807,24.5245093206492,2013,"French Frigate",NA,NA,NA,NA,NA,NA,NA,NA,NA,NA
"2","FFS_OCC_002","POSP",2013-09-06,2016-09-25,3.05270362765229,"13-16","FFS002_1309-1609_POSP",9,0.262062599336276,0.518354561410792,0.0195300922561028,0.807398252399645,-6.14312554945331,164,-3.48396006794796,0.904438158074517,0.0231679401958096,72.1285265350415,2013,"French Frigate",NA,NA,NA,NA,NA,NA,NA,NA,NA,NA
"3","FFS_OCC_002","POSP",2016-09-25,2019-08-28,2.92128678986995,"16-19","FFS002_1609-1908_POSP",16,0.119917085388643,0.780758765951822,0.0127420668391756,0.882687151801283,-20.5360117749944,132,-2.1468913079528,0.308314061299361,0.00264680801296269,101.245869893875,2016,"French Frigate",60,0.0162342636303748,26,0.000973173761549679,0.000257633389238223,0.00168871413386114,26,0.00247580344144707,0.000644750965655412,0.00430685591723873
"4","FFS_OCC_002","MOSP",2016-09-25,2019-08-28,2.92128678986995,"16-19","FFS002_1609-1908_MOSP",3,0.287478358193547,0.762981546513991,0.000843259163790672,0.991076046453755,-10.0169143173346,30,1.57812836526256,-5.9415550413463,0.286802986366317,17.9108923483563,2016,"French Frigate",19,0.0166357001482272,26,0.0189532959909177,0.00488331979458231,0.0330232721872531,26,0.00247580344144707,0.000644750965655412,0.00430685591723873
"5","FFS_OCC_014","MOSP",2013-09-06,2016-09-02,2.98973305954825,"13-16","FFS014_1309-1609_MOSP",6,0.132452580276139,0.917324918077878,0.00944432959900983,0.951683646011464,-7.37957281023381,6,24.5660697140975,-2.70558321806266e-09,-Inf,4.0000000002572,2013,"French Frigate",NA,NA,NA,NA,NA,NA,NA,NA,NA,NA
"6","FFS_OCC_014","POSP",2013-09-06,2016-09-02,2.98973305954825,"13-16","FFS014_1309-1609_POSP",22,0.0306788468392134,0.985899966589752,0.0123817992798088,0.99082298101234,-30.2771375572153,30,-1.25680240130186,1.74324173810973,0.182262426734237,32.4531054985262,2013,"French Frigate",NA,NA,NA,NA,NA,NA,NA,NA,NA,NA
"7","FFS_OCC_014","MOSP",2016-09-02,2019-08-27,2.98151950718686,"16-19","FFS014_1609-1908_MOSP",5,0.03308941631883,0.878567383849099,0.028907259304046,0.941861168734113,-0.0830554288567837,11,-1.48679537680828,1.02984163152819,0.115078166429991,17.4138250105077,2016,"French Frigate",3,0.00466768121380893,26,0.0189532959909177,0.00488331979458231,0.0330232721872531,26,0.00247580344144707,0.000644750965655412,0.00430685591723873
"8","FFS_OCC_014","POSP",2016-09-02,2019-08-27,2.98151950718686,"16-19","FFS014_1609-1908_POSP",21,-0.0221788601373859,0.939449312438608,0.0432344330717802,0.96284462530772,-2.46981306187898,65,-2.45404189623236,1.47509081465765,0.260289911462149,64.5021566830958,2016,"French Frigate",17,8.56299086936699e-05,26,0.000973173761549679,0.000257633389238223,0.00168871413386114,26,0.00247580344144707,0.000644750965655412,0.00430685591723873
"9","HAW_OCC_002","POSP",2016-08-15,2019-07-15,2.91307323750856,"16-19","HAW002_1608-1907_POSP",316,0.0445121714703056,0.874358017586391,0.0331886824545935,0.916382857269204,-175.389849907993,460,0.494887749950741,0.494276875217346,0.0192125432707242,564.807462132164,2016,"HAW_HAMAKUA",NA,NA,NA,NA,NA,NA,NA,NA,NA,NA
"10","HAW_OCC_002","MOSP",2016-08-15,2019-07-15,2.91307323750856,"16-19","HAW002_1608-1907_MOSP",20,-0.0377914217312817,0.918850313816179,0.0281147569495376,0.902553960716714,-10.7788826278354,35,0.0077877255114915,0.5498554779459,0.016084028143699,51.0346934067436,2016,"HAW_HAMAKUA",NA,NA,NA,NA,NA,NA,NA,NA,NA,NA
"11","HAW_OCC_002","POCS",2016-08-15,2019-07-15,2.91307323750856,"16-19","HAW002_1608-1907_POCS",4,0.451723163053214,0.782244945408415,0.00274439769459365,0.993734218020815,-9.0138550453548,15,-1.33402813983244,0.581860158339481,0.0149624479482059,21.1371466255415,2016,"HAW_HAMAKUA",NA,NA,NA,NA,NA,NA,NA,NA,NA,NA
"12","HAW_OCC_003","POSP",2016-08-08,2019-07-13,2.92676249144422,"16-19","HAW003_1608-1907_POSP",37,0.0318109969683167,0.993793753522043,0.00358137791824344,0.991155253097705,-99.4389164281241,51,-4.23422688625441,3.58713296912972,0.573084623413061,29.5913072473273,2016,"HAW_PUNA",NA,NA,8,0.00193016537188205,-0.000139897528240042,0.00400022827200414,8,0.0022912352631218,2.01823724839201e-05,0.00456228815375967
"13","HAW_OCC_003","MOSP",2016-08-08,2019-07-13,2.92676249144422,"16-19","HAW003_1608-1907_MOSP",19,0.221297527565156,0.890345838404904,0.0189613395939069,0.939803358032697,-17.5353322936335,24,-3.18330582865217,2.21380534620645,0.273809529350973,21.8377967087179,2016,"HAW_PUNA",NA,NA,8,0.00244594921083735,-0.000663276028001285,0.00555517444967599,8,0.0022912352631218,2.01823724839201e-05,0.00456228815375967
"14","HAW_OCC_003","POCS",2016-08-08,2019-07-13,2.92676249144422,"16-19","HAW003_1608-1907_POCS",5,0.107655226731318,0.957655659001243,0.00126037728747089,0.992825419915269,-15.7464636284813,5,24.5660661795419,1.30061350364746e-06,-Inf,4.00000000021433,2016,"HAW_PUNA",NA,NA,8,0.00655502127136559,-0.00118309442792832,0.0142931369706595,8,0.0022912352631218,2.01823724839201e-05,0.00456228815375967
"15","HAW_OCC_010","POSP",2016-07-06,2019-07-19,3.03353867214237,"16-19","HAW010_1607-1907_POSP",118,0.0458335595590982,0.949524524134933,0.0176042623256956,0.945010569288521,-137.822128282205,214,-2.34139782899836,2.07680933883956,0.207046994804865,237.44640373072,2016,"HAW_KONA",NA,NA,18,0.000817190915064911,0.000374030380576505,0.00126035144955332,18,0.00142837166254752,0.00071991091719561,0.00213683240789943
"16","HAW_SIO_K08","POSP",2015-04-13,2017-04-08,1.98767967145791,"15-17","HAWK08_1504-1704_POSP",39,0.00939940445212979,0.878488530586099,0.0643038231313303,0.860984988762279,7.6027885043351,86,-2.53112313226512,1.4322050007088,0.114635531029413,108.89448686183,2015,"HAW_KONA",NA,NA,NA,NA,NA,NA,NA,NA,NA,NA
"17","HAW_SIO_K08","POSP",2017-04-08,2019-07-19,2.27789185489391,"17-19","HAWK08_1704-1907_POSP",35,0.206367275136788,0.930639380810052,0.0159281158902475,0.966200170053221,-41.6221504492427,43,-1.79132526018082,3.21077282271647,0.360410946235991,30.4264004396738,2017,"HAW_KONA",4,0.000107564536337894,NA,NA,NA,NA,NA,NA,NA,NA
"18","HAW_SIO_K10","POSP",2015-04-15,2017-04-08,1.98220396988364,"15-17","HAWK10_1504-1704_POSP",66,0.0285198149518609,0.861802511685783,0.0775850967942006,0.838634686205676,22.547882068359,128,-2.06390684844513,1.16029576060943,0.108850228861935,162.019263679207,2015,"HAW_KONA",NA,NA,NA,NA,NA,NA,NA,NA,NA,NA
"19","HAW_SIO_K10","MOSP",2015-04-15,2017-04-08,1.98220396988364,"15-17","HAWK10_1504-1704_MOSP",3,-0.273676983893363,1.16365497580241,0.00802417281995648,0.958584017435963,-3.25809573879686,7,1.04834599250016,-1.09014973663261,0.0480281821208104,13.101529778266,2015,"HAW_KONA",NA,NA,NA,NA,NA,NA,NA,NA,NA,NA
"20","HAW_SIO_K10","MOSP",2017-04-08,2019-07-17,2.27241615331964,"17-19","HAWK10_1704-1907_MOSP",3,0.393203291453027,0.731933380254325,1.89238536697886e-05,0.999864946676146,-21.4074676650126,3,23.5660689241289,-2.78454626439639e-08,-Inf,4.00000000034957,2017,"HAW_KONA",NA,NA,NA,NA,NA,NA,NA,NA,NA,NA
"21","HAW_SIO_K10","POSP",2017-04-08,2019-07-17,2.27241615331964,"17-19","HAWK10_1704-1907_POSP",60,0.253329456151577,0.902436443019069,0.0216527005673328,0.959220572976358,-55.7189748034744,72,-0.00336590737251155,1.22298435153043,0.0993157423751062,62.4371278608144,2017,"HAW_KONA",3,3.74602968515896e-05,NA,NA,NA,NA,NA,NA,NA,NA
"22","KUR_OCC_010","POCS",2016-09-12,2019-09-02,2.97056810403833,"16-19","KUR010_1609-1909_POCS",46,0.343580354535206,0.877222055342461,0.00179642689767491,0.992128536163112,-156.312395636566,46,26.5660639577287,-1.23924245454002e-07,-Inf,4.00000000026686,2016,"Kure",NA,NA,19,0.00179565276891212,0.000667437682460195,0.00292386785536404,19,0.00278199443762037,0.00125263718306059,0.00431135169218015
"23","KUR_OCC_010","POSP",2016-09-12,2019-09-02,2.97056810403833,"16-19","KUR010_1609-1909_POSP",21,-0.00300098411226168,0.949806114920268,0.0230221596211302,0.915128134895862,-15.703593602119,65,-2.10112972440805,2.09716305347297,0.193170712940763,69.9919510340308,2016,"Kure",NA,NA,19,0.00466095519209427,-9.15032536295476e-07,0.00932282541672484,19,0.00278199443762037,0.00125263718306059,0.00431135169218015
"24","LIS_OCC_005","POSP",2013-09-12,2016-09-18,3.01711156741958,"13-16","LIS005_1309-1609_POSP",25,0.167320346873454,0.916897025373224,0.021163647578207,0.931646027337477,-21.5243712138744,42,-2.49666431644747,1.85048742279966,0.117622588044989,54.0230369788868,2013,"Lisianski",NA,NA,NA,NA,NA,NA,NA,NA,NA,NA
"25","LIS_OCC_005","MOSP",2013-09-12,2016-09-18,3.01711156741958,"13-16","LIS005_1309-1609_MOSP",31,0.32219877954693,0.810226131506366,0.0181498351749004,0.919558825207833,-32.3751513379109,74,-2.27392216061617,1.28535508778129,0.0732766829099585,97.2572953753395,2013,"Lisianski",NA,NA,NA,NA,NA,NA,NA,NA,NA,NA
"26","LIS_OCC_005","POSP",2016-09-18,2019-08-30,2.94592744695414,"16-19","LIS005_1609-1908_POSP",15,0.186460760775665,0.932442954709422,0.0076017815079576,0.981769240260703,-26.7689464117331,22,-2.14638676544791,1.8403508218842,0.178807335976255,26.6005523047426,2016,"Lisianski",7,0.000519344930242622,16,0.000362881972379861,0.000114563003967093,0.00061120094079263,16,0.00116381341015304,0.000501392043192289,0.0018262347771138
"27","LIS_OCC_005","MOSP",2016-09-18,2019-08-30,2.94592744695414,"16-19","LIS005_1609-1908_MOSP",36,0.128300511197957,0.957697380507396,0.0154046514823918,0.931740685827637,-44.1252162583752,46,-0.594633894581523,1.25962346015642,0.0618273801129322,49.1917216694119,2016,"Lisianski",24,0.00144872120827022,16,0.00178327436321808,0.000500908658986212,0.00306564006744996,16,0.00116381341015304,0.000501392043192289,0.0018262347771138
"28","MAI_OCC_002","POCS",2016-12-19,2019-04-27,2.35181382614648,"16-19","MAI002_1612-1904_POCS",25,0.436690378643215,0.827787705148703,0.00364617232504725,0.985269450022985,-65.4895470558564,36,4.61797958407877,-1.87815526111366,0.157024211209165,41.3572108000678,2016,"MAI_NE",NA,NA,2,0.0186913538368295,-0.0201968666762744,0.0575795743499334,2,0.00578215874965129,-0.00294116648289292,0.0145054839821955
"29","MAI_OCC_002","POSP",2016-12-19,2019-04-27,2.35181382614648,"16-19","MAI002_1612-1904_POSP",24,-0.00680558727539251,0.937215418236299,0.0279651806896834,0.89983067803919,-13.822305600724,38,0.722666368717878,-0.101772962839374,0.000404345321970978,51.9532608649708,2016,"MAI_NE",NA,NA,2,0.00377808850336272,-0.000734740914001788,0.00829091792072722,2,0.00578215874965129,-0.00294116648289292,0.0145054839821955
"30","MAI_SIO_K01","POCS",2014-07-21,2015-07-10,0.969199178644764,"14-15","MAIK01_1407-1507_POCS",4,0.937743500039519,0.588766476462399,0.00109417008826381,0.977288089063379,-12.6921169099393,5,-4.62038765691218,3.47830155218682,0.113221613883796,8.43746053553832,2014,"MAI_LAHAINA",NA,NA,18,NA,NA,NA,18,NA,NA,NA
"31","MAI_SIO_K01","POSP",2014-07-21,2015-07-10,0.969199178644764,"14-15","MAIK01_1407-1507_POSP",114,0.00626488865493773,1.01936796883956,0.0429890265514136,0.873950343263433,-31.2361509449124,117,0.773873588757959,2.93304354299018,0.137814364162726,28.0582389712414,2014,"MAI_LAHAINA",NA,NA,18,NA,NA,NA,18,NA,NA,NA
"32","MAI_SIO_K01","MOSP",2014-07-21,2015-07-10,0.969199178644764,"14-15","MAIK01_1407-1507_MOSP",61,0.0486769860729113,0.965444902906204,0.111550439383595,0.804553713214048,43.2869958423718,90,-0.63422449079008,1.40960587276473,0.107248294546227,105.002331139738,2014,"MAI_LAHAINA",NA,NA,18,NA,NA,NA,18,NA,NA,NA
"33","MAI_SIO_K01","MOSP",2015-07-10,2015-11-02,0.314852840520192,"15-15","MAIK01_1507-1511_MOSP",48,-0.0563784073202567,0.898691489716409,0.568382973106629,0.478846367482988,113.057165421762,64,-0.353192228406814,1.55961342331653,0.178493234250633,63.1311521181439,2015,"MAI_LAHAINA",8,0.00199661761432798,NA,NA,NA,NA,NA,NA,NA,NA
"34","MAI_SIO_K01","POSP",2015-07-10,2015-11-02,0.314852840520192,"15-15","MAIK01_1507-1511_POSP",108,-0.212014233970039,1.03461272411195,0.172737999622551,0.664438213581099,120.82620997545,118,-1.07601972083465,3.69518066662498,0.288888019095337,52.7037214065446,2015,"MAI_LAHAINA",4,0.000667427623961285,NA,NA,NA,NA,NA,NA,NA,NA
"35","MAI_SIO_K01","POCS",2015-07-10,2015-11-02,0.314852840520192,"15-15","MAIK01_1507-1511_POCS",4,1.15442200407423,0.413913463117412,0.0347505749342213,-0.0939303632598831,1.14068289444351,4,23.5660685874775,-1.47603775078441e-07,-Inf,4.0000000004661,2015,"MAI_LAHAINA",NA,NA,NA,NA,NA,NA,NA,NA,NA,NA
"36","MAI_SIO_K01","POSP",2015-11-02,2016-06-16,0.621492128678987,"15-16","MAIK01_1511-1606_POSP",95,0.126930672096914,0.927403072023985,0.107289705484828,0.714659502445282,61.5158237957075,107,-0.527216597165219,2.50809234909441,0.185196025520565,65.20074261112,2015,"MAI_LAHAINA",NA,NA,NA,NA,NA,NA,NA,NA,NA,NA
"37","MAI_SIO_K01","MOSP",2015-11-02,2016-06-16,0.621492128678987,"15-16","MAIK01_1511-1606_MOSP",34,0.298992788805102,0.880295589209307,0.101376060234136,0.810048134772869,22.6033606419568,45,-0.974485225323625,1.97703863708938,0.246754978689225,41.7024836928268,2015,"MAI_LAHAINA",1,0.000698462608994514,NA,NA,NA,NA,NA,NA,NA,NA
"38","MAI_SIO_K01","POSP",2016-06-16,2016-11-30,0.457221081451061,"16-16","MAIK01_1606-1611_POSP",91,0.275678505175224,0.817623219994349,0.129118258667841,0.617167941196203,75.9450905716792,98,-1.3131759513899,3.9055941839357,0.26435278283131,41.1019654009732,2016,"MAI_LAHAINA",3,0.000723056864829621,2,0.00061425219914085,-7.53276621914559e-05,0.00130383206047316,2,0.00397014307054177,-0.00158005966731981,0.00952034580840334
"39","MAI_SIO_K01","MOSP",2016-06-16,2016-11-30,0.457221081451061,"16-16","MAIK01_1606-1611_MOSP",37,0.444275130192641,0.791600272067352,0.409351563628869,0.438829656405154,75.8976727992738,46,-1.00903583696063,2.28880043148408,0.252340315775214,38.0013497765466,2016,"MAI_LAHAINA",11,0.00422515793480396,2,0.0730027647027403,-0.0309017380326459,0.176907267438127,2,0.00397014307054177,-0.00158005966731981,0.00952034580840334
"40","MAI_SIO_K01","POSP",2016-11-30,2017-07-28,0.657084188911704,"16-17","MAIK01_1611-1707_POSP",90,-0.00948598248645574,0.988128008983169,0.0574397324865518,0.833414086274717,2.25466791330498,95,0.019009911646553,2.57448674776278,0.158231790118851,36.9775235371192,2016,"MAI_LAHAINA",3,0.00109980066226427,2,0.00061425219914085,-7.53276621914559e-05,0.00130383206047316,2,0.00397014307054177,-0.00158005966731981,0.00952034580840334
"41","MAI_SIO_K01","MOSP",2016-11-30,2017-07-28,0.657084188911704,"16-17","MAIK01_1611-1707_MOSP",41,0.441315113098034,0.700900255066912,0.24418466187941,0.535589451492581,62.4994807924865,43,2.7762120124349,0.170369454388633,0.00184422531647244,20.1478764120673,2016,"MAI_LAHAINA",2,0.000940973921691002,2,0.0730027647027403,-0.0309017380326459,0.176907267438127,2,0.00397014307054177,-0.00158005966731981,0.00952034580840334
"42","MAI_SIO_K01","POSP",2017-07-28,2018-09-14,1.13073237508556,"17-18","MAIK01_1707-1809_POSP",86,0.0444263286852674,0.935671355579351,0.0445437019895435,0.865858575259471,-19.536662456657,97,-1.20880853034668,3.04510545527525,0.230028786092504,56.8142496217987,2017,"MAI_LAHAINA",8,0.0021471567598327,NA,NA,NA,NA,NA,NA,NA,NA
"43","MAI_SIO_K01","MOSP",2017-07-28,2018-09-14,1.13073237508556,"17-18","MAIK01_1707-1809_MOSP",25,0.203303680323195,0.87175361434258,0.031995804176706,0.943811772686533,-11.1913761696741,45,-1.26515788469556,1.1132752034067,0.0918468801954632,60.1479669075432,2017,"MAI_LAHAINA",5,0.00138660782048169,NA,NA,NA,NA,NA,NA,NA,NA
"44","MAI_SIO_K02","POSP",2017-08-02,2018-09-14,1.1170431211499,"17-18","MAIK02_1708-1809_POSP",141,0.123443276266616,0.885130014123835,0.0381671402825994,0.880523126020236,-56.3486809252203,177,-0.425932095113718,1.73829933730108,0.118206309113136,161.6588503619,2017,"MAI_LAHAINA",46,0.00514039741380807,NA,NA,NA,NA,NA,NA,NA,NA
"45","MAI_SIO_K02","MOSP",2017-08-02,2018-09-14,1.1170431211499,"17-18","MAIK02_1708-1809_MOSP",27,0.4068274433522,0.637084850276299,0.0899129441585277,0.663032672875589,15.5040718569842,37,-0.889876001760117,1.39903266040891,0.086570469106595,43.442830635897,2017,"MAI_LAHAINA",16,0.00311305381512022,NA,NA,NA,NA,NA,NA,NA,NA
"46","MAI_SIO_K02","POCS",2017-08-02,2018-09-14,1.1170431211499,"17-18","MAIK02_1708-1809_POCS",3,0.612775514351619,0.674782380085106,0.0114488026998729,0.940877150169124,-2.19181603321479,4,-1587.58073500951,2270.27352758924,0.999999998598564,4.00000000630461,2017,"MAI_LAHAINA",2,0.0145920422577913,NA,NA,NA,NA,NA,NA,NA,NA
"47","MAI_SIO_K02","MOSP",2016-07-04,2017-08-02,1.07871321013005,"16-17","MAIK02_1607-1708_MOSP",20,0.293867254920321,0.809484628341715,0.0632404301733794,0.822390187796143,5.43410172646238,35,-4.08512696905827,3.29081525517583,0.333340422845389,35.8687059820551,2016,"MAI_LAHAINA",15,0.00365986738926552,2,0.0730027647027403,-0.0309017380326459,0.176907267438127,2,0.00397014307054177,-0.00158005966731981,0.00952034580840334
"48","MAI_SIO_K02","POSP",2016-07-04,2017-08-02,1.07871321013005,"16-17","MAIK02_1607-1708_POSP",132,-0.0285807341353263,1.01374202656521,0.0389850313892919,0.887516101410443,-49.6997658068313,170,-1.24632179033836,2.33959620720045,0.158561725542471,156.010210610195,2016,"MAI_LAHAINA",22,0.00201880000858383,2,0.00061425219914085,-7.53276621914559e-05,0.00130383206047316,2,0.00397014307054177,-0.00158005966731981,0.00952034580840334
"49","MAI_SIO_K02","MOSP",2015-07-11,2016-07-04,0.982888432580424,"15-16","MAIK02_1507-1607_MOSP",20,0.0370177601841865,0.99325087214167,0.0356472199473251,0.927960732592741,-6.03135132506535,29,-1.21913509462661,1.34061940646197,0.111171052540767,35.9301353901415,2015,"MAI_LAHAINA",4,0.000779627351528165,NA,NA,NA,NA,NA,NA,NA,NA
"50","MAI_SIO_K02","POSP",2015-07-11,2016-07-04,0.982888432580424,"15-16","MAIK02_1507-1607_POSP",142,0.220593558445977,0.833139689002066,0.0426775949991436,0.850235020864591,-40.9152056690447,259,-1.54386313803589,1.73682545201927,0.161667888081708,302.977190206062,2015,"MAI_LAHAINA",74,0.00815554718705153,NA,NA,NA,NA,NA,NA,NA,NA
"51","MAI_SIO_K02","POSP",2014-07-21,2015-07-11,0.971937029431896,"14-15","MAIK02_1407-1507_POSP",169,0.0828154824420191,0.940414430084485,0.0686863276855635,0.807321570865418,30.9726313785042,245,-2.21502111559073,3.49643744607941,0.369332345992075,195.369345031615,2014,"MAI_LAHAINA",NA,NA,18,NA,NA,NA,18,NA,NA,NA
"52","MAI_SIO_K02","MOSP",2014-07-21,2015-07-11,0.971937029431896,"14-15","MAIK02_1407-1507_MOSP",23,0.160080294662973,0.883045364766123,0.116845881322405,0.715795376254373,19.800133906537,69,-6.00269148053781,4.25664780585568,0.483356862451351,49.3813934262761,2014,"MAI_LAHAINA",NA,NA,18,NA,NA,NA,18,NA,NA,NA
"53","MAI_SIO_K02","POCS",2014-07-21,2015-07-11,0.971937029431896,"14-15","MAIK02_1407-1507_POCS",3,0.29655795135571,0.888708370740203,0.0105967263300191,0.949876196840548,-2.42383615384029,3,23.5660684623114,-8.73016272008599e-08,-Inf,4.00000000034957,2014,"MAI_LAHAINA",NA,NA,18,NA,NA,NA,18,NA,NA,NA
"54","MAI_SIO_OL3","MOSP",2014-07-22,2015-07-14,0.97741273100616,"14-15","MAIOL3_1407-1507_MOSP",129,0.0811184534711721,0.93046274874998,0.131461902146333,0.804042311873112,108.324549452507,226,-1.8004294984479,2.18006554174935,0.27956253186073,226.439599491059,2014,"MAI_KIHEI",NA,NA,NA,NA,NA,NA,NA,NA,NA,NA
"55","MAI_SIO_OL3","POCS",2014-07-22,2015-07-14,0.97741273100616,"14-15","MAIOL3_1407-1507_POCS",11,-0.592434920286333,1.28741912850256,0.0689816767658234,0.935079672069133,5.59621207895884,17,-1.14790948811927,1.25655977830634,0.137548656628768,23.0381339385589,2014,"MAI_KIHEI",NA,NA,NA,NA,NA,NA,NA,NA,NA,NA
"56","MAI_SIO_OL3","POSP",2014-07-22,2015-07-14,0.97741273100616,"14-15","MAIOL3_1407-1507_POSP",48,0.164987772537162,0.945100047215125,0.0119175377093366,0.969167918095861,-72.4524842256561,56,-0.771572282589752,2.91440757330828,0.406429343523461,31.2644973751575,2014,"MAI_KIHEI",NA,NA,NA,NA,NA,NA,NA,NA,NA,NA
"57","MAI_SIO_OL3","MOSP",2015-07-14,2015-11-04,0.309377138945927,"15-15","MAIOL3_1507-1511_MOSP",109,-0.173994678226945,0.987065807467198,0.516853127832609,0.522906894274135,241.370402233238,146,-1.69164503427825,2.82480727340379,0.366271704777382,108.749817920549,2015,"MAI_KIHEI",17,0.000557426626933211,NA,NA,NA,NA,NA,NA,NA,NA
"58","MAI_SIO_OL3","POCS",2015-07-14,2015-11-04,0.309377138945927,"15-15","MAIOL3_1507-1511_POCS",9,1.645766035673,0.0408814175462526,0.135525721742028,-0.140359941148252,11.2917192882485,14,-46.5936591826159,43.233327486893,0.999999999987519,4.00000000022776,2015,"MAI_KIHEI",3,0.00179944183392108,NA,NA,NA,NA,NA,NA,NA,NA
"59","MAI_SIO_OL3","POSP",2015-07-14,2015-11-04,0.309377138945927,"15-15","MAIOL3_1507-1511_POSP",34,-0.448871151574351,0.788956541563931,0.880907420425063,0.186809521089887,96.115289846822,51,-1.97957509511249,1.99779557319873,0.205737792396351,55.5670331450456,2015,"MAI_KIHEI",5,0.00127279368550319,NA,NA,NA,NA,NA,NA,NA,NA
"60","MAI_SIO_OL3","MOSP",2015-11-04,2016-06-16,0.616016427104723,"15-16","MAIOL3_1511-1606_MOSP",99,0.0414561709760547,0.924310993471033,0.192298672777197,0.718618403176408,121.707503986694,124,-1.56220050633493,2.90316478527334,0.352849993167821,84.6687411325456,2015,"MAI_KIHEI",10,0.00104288935884015,NA,NA,NA,NA,NA,NA,NA,NA
"61","MAI_SIO_OL3","POSP",2015-11-04,2016-06-16,0.616016427104723,"15-16","MAIOL3_1511-1606_POSP",21,0.0817283581225426,0.847200398859899,0.163473997403681,0.529538239251262,25.4605376547416,31,-5.24843861972776,4.91546550531477,0.518293139905124,22.7796128690255,2015,"MAI_KIHEI",NA,NA,NA,NA,NA,NA,NA,NA,NA,NA
"62","MAI_SIO_OL3","MOSP",2014-07-22,2015-11-04,1.28678986995209,"14-15","MAIOL3_1407-1511_MOSP",4,0.0815441392485057,0.963011753142131,0.266340824729196,0.436857225082781,9.28700556585679,4,23.5660688897297,-3.87150233134414e-10,-Inf,4.0000000004661,2014,"MAI_KIHEI",NA,NA,NA,NA,NA,NA,NA,NA,NA,NA
"63","MAI_SIO_OL3","MOSP",2016-06-16,2016-11-29,0.454483230663929,"16-16","MAIOL3_1606-1611_MOSP",104,0.0613085691373664,0.918073760560892,0.399587576294734,0.568958334186891,203.718212380798,122,-0.332049659014821,2.16416883585192,0.26355095216251,79.1873565219774,2016,"MAI_KIHEI",26,0.00150646482792264,7,0.00079049706553997,-0.00013558508160806,0.001716579212688,7,0.000511429436964369,6.49819027051103e-05,0.000957876971223627
"64","MAI_SIO_OL3","POSP",2016-06-16,2016-11-29,0.454483230663929,"16-16","MAIOL3_1606-1611_POSP",27,0.630457063166014,0.676758669333698,0.0895956918347455,0.5903202872333,15.4086355386909,28,1.94769898564046,0.944317918247186,0.0243229831545343,12.4183967390277,2016,"MAI_KIHEI",1,0.000714142779866603,7,0.00025286432479173,-1.12506506345527e-05,0.000516979300218012,7,0.000511429436964369,6.49819027051103e-05,0.000957876971223627
"65","MAI_SIO_OL3","MOSP",2016-11-29,2017-07-26,0.654346338124572,"16-17","MAIOL3_1611-1707_MOSP",100,-0.0477213558679344,0.999032055734061,0.134210477163943,0.81325339521042,86.932837286621,137,-1.88820423416814,3.17257199766859,0.410574378471586,98.209553931074,2016,"MAI_KIHEI",26,0.00216933880999324,7,0.00079049706553997,-0.00013558508160806,0.001716579212688,7,0.000511429436964369,6.49819027051103e-05,0.000957876971223627
"66","MAI_SIO_OL3","MOSP",2015-11-04,2016-11-29,1.07049965776865,"15-16","MAIOL3_1511-1611_MOSP",3,1.0759589123981,0.308744511739814,0.070131534203468,0.47188374155663,3.24564611289937,3,23.5660688896727,-2.33235987684137e-10,-Inf,4.00000000034957,2015,"MAI_KIHEI",10,0.00104288935884015,NA,NA,NA,NA,NA,NA,NA,NA
"67","MAI_SIO_OL3","POSP",2016-11-29,2017-07-26,0.654346338124572,"16-17","MAIOL3_1611-1707_POSP",30,-0.0688760832990157,1.06471914742957,0.0374085965834451,0.92381618249527,-9.50911652638739,37,-1.49219978173387,3.75264344452634,0.496528952449976,22.0712577663598,2016,"MAI_KIHEI",10,0.0108046189351703,7,0.00025286432479173,-1.12506506345527e-05,0.000516979300218012,7,0.000511429436964369,6.49819027051103e-05,0.000957876971223627
"68","OAH_OCC_005","POCS",2016-08-01,2018-10-04,2.17385352498289,"16-18","OAH005_1608-1810_POCS",22,0.316558821027988,0.870949583849583,0.00656860692363472,0.841687567256802,-44.2235056034768,25,-138.648124613774,82.8093676743719,0.999999999969941,4.00000000055148,2016,"OAH_NE",NA,NA,4,0.00393176032719479,-0.00143716317771383,0.0093006838321034,4,0.00137717862105668,0.000127272681326717,0.00262708456078664
"69","OAH_OCC_005","POSP",2016-08-01,2018-10-04,2.17385352498289,"16-18","OAH005_1608-1810_POSP",50,0.221839025009505,0.913912814970949,0.0202099225907396,0.948511421881186,-49.2263252965148,57,-1.83608329088637,2.64238041786283,0.263815984563848,35.2604360120251,2016,"OAH_NE",NA,NA,4,0.000912409892500854,0.000201742464637605,0.0016230773203641,4,0.00137717862105668,0.000127272681326717,0.00262708456078664
"70","OAH_OCC_005","MOSP",2016-08-01,2018-10-04,2.17385352498289,"16-18","OAH005_1608-1810_MOSP",4,-0.108553336151005,1.06641226249229,0.00465416643270124,0.977850525671895,-6.90105027070252,4,23.5660688909302,-9.18820013734072e-10,-Inf,4.0000000004661,2016,"OAH_NE",NA,NA,4,0.00201012878198034,-0.000510309540768703,0.00453056710472939,4,0.00137717862105668,0.000127272681326717,0.00262708456078664
"71","OAH_OCC_010","POCS",2017-03-07,2019-05-07,2.16563997262149,"17-19","OAH010_1703-1905_POCS",23,-0.126601808504629,1.055929676923,0.0221953274960541,0.746860053233152,-18.4022685356824,29,-11.9313300439546,5.75831209262672,0.435262738514839,20.6988914785465,2017,"OAH_SOUTH",NA,NA,NA,NA,NA,NA,NA,NA,NA,NA
"72","OAH_OCC_010","POSP",2017-03-07,2019-05-07,2.16563997262149,"17-19","OAH010_1703-1905_POSP",47,0.0594714052258239,0.986858349542126,0.0111459813790304,0.973002165029119,-74.0073623823773,59,0.00474883915871956,1.08346634016654,0.0588331201301796,60.0914606264026,2017,"OAH_SOUTH",NA,NA,NA,NA,NA,NA,NA,NA,NA,NA
"73","PHR_OCC_016","POSP",2016-09-11,2019-09-04,2.97878165639973,"16-19","PHR016_1609-1909_POSP",18,0.0484326968132844,0.965923201956936,0.0202988149261693,0.96884452726488,-15.1877773543209,28,-1.23818076624502,1.79520119477019,0.250482407028028,31.3561685002937,2016,"Pearl & Hermes",NA,NA,20,0.00405000963902027,0.000102274094419452,0.00799774518362109,20,0.00999387963779571,0.00187298701570012,0.0181147722598913
"74","PHR_OCC_016","POSP",2013-09-11,2019-09-04,5.97946611909651,"13-19","PHR016_1309-1909_POSP",8,0.0054063917032943,0.962766092110007,0.00896305177351825,0.987660399997863,-11.3155961304451,8,24.5660697109216,-8.14636686590262e-10,-Inf,4.00000000034293,2013,"Pearl & Hermes",NA,NA,NA,NA,NA,NA,NA,NA,NA,NA
